label,hand,lm_0_x,lm_0_y,lm_0_z,lm_1_x,lm_1_y,lm_1_z,lm_2_x,lm_2_y,lm_2_z,lm_3_x,lm_3_y,lm_3_z,lm_4_x,lm_4_y,lm_4_z,lm_5_x,lm_5_y,lm_5_z,lm_6_x,lm_6_y,lm_6_z,lm_7_x,lm_7_y,lm_7_z,lm_8_x,lm_8_y,lm_8_z,lm_9_x,lm_9_y,lm_9_z,lm_10_x,lm_10_y,lm_10_z,lm_11_x,lm_11_y,lm_11_z,lm_12_x,lm_12_y,lm_12_z,lm_13_x,lm_13_y,lm_13_z,lm_14_x,lm_14_y,lm_14_z,lm_15_x,lm_15_y,lm_15_z,lm_16_x,lm_16_y,lm_16_z,lm_17_x,lm_17_y,lm_17_z,lm_18_x,lm_18_y,lm_18_z,lm_19_x,lm_19_y,lm_19_z,lm_20_x,lm_20_y,lm_20_z
M,Right,0.29111599922180176,0.6528655290603638,-3.6111282497586217e-07,0.3467477262020111,0.6284205317497253,-0.03417467325925827,0.3871878385543823,0.5544488430023193,-0.047369442880153656,0.39279574155807495,0.48547062277793884,-0.05739414319396019,0.375741183757782,0.4374968409538269,-0.06328538060188293,0.3762292265892029,0.4557427763938904,-0.01944308914244175,0.36899513006210327,0.4307306408882141,-0.05909515544772148,0.35353124141693115,0.50201016664505,-0.0818653553724289,0.3448876142501831,0.5570143461227417,-0.08968055993318558,0.3295169472694397,0.44728463888168335,-0.014441804960370064,0.32571589946746826,0.42003384232521057,-0.06029156595468521,0.31508201360702515,0.510523796081543,-0.07118357717990875,0.31222930550575256,0.575107753276825,-0.06516021490097046,0.2855539619922638,0.45356494188308716,-0.015967806801199913,0.27987363934516907,0.4271220862865448,-0.061228178441524506,0.2797389030456543,0.5136391520500183,-0.0568528026342392,0.2844234108924866,0.5729268789291382,-0.03968619927763939,0.24567431211471558,0.4726669490337372,-0.019943930208683014,0.24303023517131805,0.4604279100894928,-0.05461838096380234,0.2503918409347534,0.5231617093086243,-0.052621256560087204,0.26126065850257874,0.5636264085769653,-0.040002938359975815
M,Right,0.2905563712120056,0.6559586524963379,-3.6071347153665556e-07,0.344274640083313,0.6394708156585693,-0.03860154375433922,0.3834986686706543,0.5794370174407959,-0.05698500946164131,0.38629552721977234,0.5194169878959656,-0.0713067427277565,0.3704385757446289,0.4794212579727173,-0.08074141293764114,0.3859913945198059,0.46360644698143005,-0.027285495772957802,0.3793764114379883,0.43494343757629395,-0.06878484040498734,0.360029935836792,0.5067130327224731,-0.09134962409734726,0.3492022156715393,0.5604500770568848,-0.09898167848587036,0.3379344940185547,0.4535960555076599,-0.021111613139510155,0.3348073661327362,0.42088979482650757,-0.06960317492485046,0.32146960496902466,0.5142876505851746,-0.08004313707351685,0.3172430992126465,0.578153133392334,-0.07303823530673981,0.29246535897254944,0.45768794417381287,-0.021509569138288498,0.28725582361221313,0.42813950777053833,-0.06795766949653625,0.2854114770889282,0.5173842906951904,-0.062496356666088104,0.28836527466773987,0.5766575336456299,-0.044174257665872574,0.2507656514644623,0.4754137396812439,-0.024676017463207245,0.24845796823501587,0.45909085869789124,-0.059094347059726715,0.2549762725830078,0.5221997499465942,-0.0560881532728672,0.2647587060928345,0.5620566010475159,-0.042645491659641266
M,Right,0.2902947962284088,0.6538441777229309,-3.242845991735521e-07,0.3453275263309479,0.6370359659194946,-0.0375535823404789,0.3855697512626648,0.5755079984664917,-0.05478455498814583,0.3932441174983978,0.5168881416320801,-0.06862680613994598,0.37716376781463623,0.4765050709247589,-0.07782178372144699,0.3828078508377075,0.4636107087135315,-0.025764642283320427,0.37759149074554443,0.4348260462284088,-0.06868348270654678,0.35932016372680664,0.5070286393165588,-0.09269723296165466,0.3483125865459442,0.5625976324081421,-0.10089448094367981,0.3355887234210968,0.4525972008705139,-0.020740913227200508,0.3328979015350342,0.4178837239742279,-0.0704348087310791,0.3199632465839386,0.5102041959762573,-0.08183840662240982,0.3160642683506012,0.5751393437385559,-0.07497476041316986,0.29071182012557983,0.4563162624835968,-0.022483181208372116,0.28524667024612427,0.4293484091758728,-0.0703812763094902,0.2841259837150574,0.5181336402893066,-0.06568343937397003,0.2887968122959137,0.5769685506820679,-0.04722992703318596,0.2506013512611389,0.47328314185142517,-0.027013573795557022,0.2482280433177948,0.4583796560764313,-0.06132258474826813,0.25448349118232727,0.5205395817756653,-0.058122340589761734,0.265166699886322,0.559812605381012,-0.04452865570783615
M,Right,0.2968713641166687,0.6565154790878296,-2.716454332585272e-07,0.3466118276119232,0.6454359889030457,-0.04188022390007973,0.3836563527584076,0.5978924036026001,-0.06579295545816422,0.3897293210029602,0.5526877641677856,-0.08606873452663422,0.3813452422618866,0.5243560075759888,-0.10140949487686157,0.3931806981563568,0.46667617559432983,-0.031706709414720535,0.38748228549957275,0.44010424613952637,-0.07828464359045029,0.36735057830810547,0.5110333561897278,-0.1051255539059639,0.3549644351005554,0.5648109912872314,-0.11525961756706238,0.34434032440185547,0.4549117684364319,-0.026450710371136665,0.3421102464199066,0.42284685373306274,-0.07933229207992554,0.32792139053344727,0.5169247388839722,-0.09239719808101654,0.323262095451355,0.5812336206436157,-0.08662258088588715,0.29765406250953674,0.4579527974128723,-0.028291577473282814,0.29372715950012207,0.431252121925354,-0.07794386148452759,0.29122045636177063,0.520943820476532,-0.07343734800815582,0.29381462931632996,0.5796924829483032,-0.05516568943858147,0.255330890417099,0.47516781091690063,-0.03328776732087135,0.2534645199775696,0.4616481065750122,-0.06867244094610214,0.26029539108276367,0.5262327790260315,-0.06528378278017044,0.27064695954322815,0.5665410161018372,-0.05141781270503998
M,Right,0.30048635601997375,0.6596944332122803,-2.956992091185384e-07,0.35184136033058167,0.6460097432136536,-0.04151778295636177,0.3897045850753784,0.5911670923233032,-0.06323368847370148,0.39191022515296936,0.5373014807701111,-0.08108595013618469,0.3793291449546814,0.5009228587150574,-0.09352318942546844,0.39730992913246155,0.46863794326782227,-0.029966887086629868,0.39353081583976746,0.4387955069541931,-0.07540875673294067,0.37243330478668213,0.5109914541244507,-0.09985878318548203,0.3598555028438568,0.5644606947898865,-0.10813950002193451,0.3481810688972473,0.45695334672927856,-0.024316618219017982,0.3477346897125244,0.4223085939884186,-0.07745599001646042,0.3324912488460541,0.517835795879364,-0.08929003030061722,0.32794174551963806,0.5811706185340881,-0.08196107298135757,0.30184701085090637,0.45983535051345825,-0.025845592841506004,0.2982674837112427,0.42997267842292786,-0.07594133168458939,0.295135498046875,0.5206965208053589,-0.07051967084407806,0.2981545031070709,0.5789124965667725,-0.05117158964276314,0.2592218220233917,0.47676798701286316,-0.030444884672760963,0.2570319175720215,0.4616813063621521,-0.06622330099344254,0.26370829343795776,0.5257877111434937,-0.06290160119533539,0.27486878633499146,0.5649917721748352,-0.048761047422885895
M,Right,0.3037469685077667,0.6600002646446228,-3.1318376159106265e-07,0.3567342162132263,0.6438877582550049,-0.0400826521217823,0.39746737480163574,0.5841424465179443,-0.059420306235551834,0.40426915884017944,0.5257431864738464,-0.07512353360652924,0.39653679728507996,0.4829793870449066,-0.08560056239366531,0.398735910654068,0.46803849935531616,-0.027682771906256676,0.3967428505420685,0.4397987127304077,-0.07334376871585846,0.37731507420539856,0.5113162994384766,-0.0979953333735466,0.36458122730255127,0.5663431286811829,-0.10606122016906738,0.3505994379520416,0.4553849697113037,-0.022329585626721382,0.352123886346817,0.41907215118408203,-0.07524437457323074,0.33695855736732483,0.5133230090141296,-0.08696603029966354,0.33172738552093506,0.578122615814209,-0.07937606424093246,0.3047911822795868,0.45792585611343384,-0.024201832711696625,0.3021920919418335,0.42887169122695923,-0.0747898519039154,0.29889795184135437,0.5195144414901733,-0.06936020404100418,0.30176591873168945,0.5784347653388977,-0.0497022420167923,0.2622041702270508,0.474465936422348,-0.029021162539720535,0.2606658339500427,0.45998066663742065,-0.06565031409263611,0.26706594228744507,0.5248540043830872,-0.06244341656565666,0.2778298258781433,0.565087616443634,-0.048120710998773575
M,Right,0.303110808134079,0.6605095267295837,-2.957626463739871e-07,0.3531000018119812,0.650230884552002,-0.038007576018571854,0.3919902443885803,0.603722333908081,-0.0593874529004097,0.40100932121276855,0.5610157251358032,-0.07800234854221344,0.39687252044677734,0.531715452671051,-0.09184806048870087,0.4018379747867584,0.47138798236846924,-0.028181372210383415,0.40197059512138367,0.43973037600517273,-0.07267803698778152,0.3819432556629181,0.5107807517051697,-0.0978178009390831,0.36808517575263977,0.5658115744590759,-0.10668922960758209,0.3536062240600586,0.4576905071735382,-0.024213703349232674,0.35606619715690613,0.4191395044326782,-0.07473333179950714,0.34004679322242737,0.5139403343200684,-0.08680409938097,0.3334418535232544,0.5795434713363647,-0.08048991113901138,0.3068208694458008,0.45949915051460266,-0.026900291442871094,0.3052601218223572,0.42563396692276,-0.07395718991756439,0.3013414144515991,0.5162680149078369,-0.06886066496372223,0.3028032183647156,0.5766381621360779,-0.050493307411670685,0.26361143589019775,0.47612783312797546,-0.03245268389582634,0.2626727819442749,0.45683154463768005,-0.06582494080066681,0.2692106068134308,0.5204743146896362,-0.06173646077513695,0.27957507967948914,0.5615848302841187,-0.04765203967690468
M,Right,0.30465978384017944,0.6610285043716431,-3.094980911555467e-07,0.35693615674972534,0.6474435925483704,-0.039774976670742035,0.39624732732772827,0.5922974944114685,-0.060284651815891266,0.4001985192298889,0.5384385585784912,-0.07747378200292587,0.39088550209999084,0.4972940683364868,-0.08948878198862076,0.4027175307273865,0.46931979060173035,-0.028574269264936447,0.40474891662597656,0.43805131316185,-0.0735945925116539,0.3834174573421478,0.5100357532501221,-0.09837070107460022,0.3686530292034149,0.5655691027641296,-0.10679863393306732,0.35412847995758057,0.45582786202430725,-0.023819109424948692,0.3578990697860718,0.41745850443840027,-0.0759376585483551,0.3409220278263092,0.5121618509292603,-0.08799228817224503,0.3342089354991913,0.5780593156814575,-0.08094727993011475,0.30773040652275085,0.4578723609447479,-0.026073766872286797,0.3067738115787506,0.42598795890808105,-0.07554835081100464,0.3022283911705017,0.5170485377311707,-0.07059676945209503,0.30388033390045166,0.5777312517166138,-0.05153556168079376,0.2646704912185669,0.47475501894950867,-0.03125424683094025,0.26425105333328247,0.45744916796684265,-0.06688631325960159,0.27055615186691284,0.5219190716743469,-0.06352009624242783,0.2811034023761749,0.5633341670036316,-0.04937395453453064
M,Right,0.3041532337665558,0.6614275574684143,-3.250330848914018e-07,0.35658589005470276,0.646506130695343,-0.0385272391140461,0.39601677656173706,0.5896286964416504,-0.05821983888745308,0.4011853039264679,0.5368096232414246,-0.074941486120224,0.3942939043045044,0.5001938343048096,-0.08656395971775055,0.4030514657497406,0.46802762150764465,-0.02687903679907322,0.4050082266330719,0.4359499216079712,-0.07192600518465042,0.38342010974884033,0.5087497234344482,-0.09661895781755447,0.3686424791812897,0.5656039714813232,-0.10478510707616806,0.3542642891407013,0.45476269721984863,-0.022472592070698738,0.35812440514564514,0.41597914695739746,-0.07451704889535904,0.34075450897216797,0.5116683840751648,-0.08608309924602509,0.33413514494895935,0.5781943798065186,-0.0784820169210434,0.30784451961517334,0.4569073021411896,-0.025098713114857674,0.3071938157081604,0.4249376654624939,-0.07439327985048294,0.30200332403182983,0.5167199969291687,-0.06897509843111038,0.3037433624267578,0.5778430104255676,-0.04937339201569557,0.2651124596595764,0.47361522912979126,-0.03059225156903267,0.265058696269989,0.45537862181663513,-0.06561104208230972,0.2704683542251587,0.5198670029640198,-0.06173525005578995,0.2806289494037628,0.5613448023796082,-0.04717598855495453
M,Right,0.3048613369464874,0.6635631322860718,-3.3256966958106204e-07,0.35986068844795227,0.6457943916320801,-0.037364762276411057,0.399692177772522,0.5845339298248291,-0.05578336492180824,0.4015350937843323,0.5283992886543274,-0.07145985960960388,0.39287135004997253,0.48950594663619995,-0.08212743699550629,0.40314334630966187,0.4679763615131378,-0.024589817970991135,0.4064101576805115,0.43476706743240356,-0.06878563016653061,0.38494735956192017,0.5073968172073364,-0.09323790669441223,0.369899719953537,0.565341055393219,-0.1013055220246315,0.3539312779903412,0.455465704202652,-0.02049410529434681,0.35856711864471436,0.4149128794670105,-0.07191530615091324,0.34144648909568787,0.5098952651023865,-0.08384869992733002,0.33455029129981995,0.5779669284820557,-0.07647693902254105,0.30737656354904175,0.45811760425567627,-0.02333049848675728,0.3073350191116333,0.42484772205352783,-0.07246877998113632,0.30267080664634705,0.5166060328483582,-0.06761496514081955,0.3043481409549713,0.579183042049408,-0.04827934876084328,0.2642616331577301,0.47505974769592285,-0.0288847628980875,0.2653321623802185,0.4556901752948761,-0.06398507952690125,0.2713737487792969,0.5204238295555115,-0.06023417040705681,0.28154700994491577,0.5631775856018066,-0.04569406434893608
M,Right,0.30564284324645996,0.6649124622344971,-3.4076609267685853e-07,0.361333966255188,0.645622968673706,-0.036514006555080414,0.40086355805397034,0.5843573808670044,-0.054809488356113434,0.4045984148979187,0.5292590260505676,-0.07072662562131882,0.3993261456489563,0.49129971861839294,-0.08163314312696457,0.4038381576538086,0.46865448355674744,-0.024072906002402306,0.4075879454612732,0.43282291293144226,-0.06770635396242142,0.38606929779052734,0.506630539894104,-0.09175203740596771,0.3712403178215027,0.5646430850028992,-0.09970061480998993,0.35456764698028564,0.4566112160682678,-0.02036970667541027,0.35955625772476196,0.41507190465927124,-0.07132987678050995,0.34312063455581665,0.510637640953064,-0.08297061175107956,0.3365146815776825,0.5786818265914917,-0.07559849321842194,0.30787134170532227,0.4593334197998047,-0.02350727654993534,0.3084757328033447,0.4252029061317444,-0.07235541939735413,0.30445075035095215,0.5178422927856445,-0.06729289889335632,0.3060123026371002,0.5809510350227356,-0.04790244996547699,0.26450425386428833,0.47599324584007263,-0.029293781146407127,0.2661295533180237,0.4554664194583893,-0.06431331485509872,0.27230286598205566,0.520848274230957,-0.06044752523303032,0.28205570578575134,0.5644406676292419,-0.04584997147321701
M,Right,0.3063478171825409,0.6645470857620239,-3.4859704101108946e-07,0.36158502101898193,0.645777702331543,-0.03532271832227707,0.39972102642059326,0.5861294269561768,-0.053417135030031204,0.4022175669670105,0.5314539670944214,-0.06955935060977936,0.3950309753417969,0.49309080839157104,-0.08063209801912308,0.4056300222873688,0.46852192282676697,-0.02205856889486313,0.409961074590683,0.4317876696586609,-0.06545563042163849,0.3889442980289459,0.5056890249252319,-0.08969651907682419,0.37420377135276794,0.5638636946678162,-0.09786705672740936,0.3562743663787842,0.4562012851238251,-0.019082490354776382,0.36157605051994324,0.4150741398334503,-0.0694238469004631,0.3463444411754608,0.5107964873313904,-0.08118485659360886,0.34036263823509216,0.5776872634887695,-0.07417076081037521,0.309309184551239,0.45833414793014526,-0.022930946201086044,0.3108547329902649,0.42426225543022156,-0.07093821465969086,0.30717921257019043,0.5165457725524902,-0.06563258171081543,0.30850380659103394,0.5784175395965576,-0.04643910005688667,0.2657209038734436,0.47458887100219727,-0.02943611890077591,0.2681788504123688,0.45504671335220337,-0.06377895176410675,0.274286687374115,0.5206347107887268,-0.05962064862251282,0.283469021320343,0.5636831521987915,-0.04501607269048691
M,Right,0.3074429929256439,0.666246235370636,-3.5437903989077313e-07,0.3643748164176941,0.6466358304023743,-0.03481493890285492,0.4028821289539337,0.5863689184188843,-0.05268143117427826,0.40220513939857483,0.5298952460289001,-0.06841518729925156,0.3941665291786194,0.4904349446296692,-0.07889189571142197,0.407842218875885,0.46888986229896545,-0.021529365330934525,0.41423499584198,0.4330475330352783,-0.06467711925506592,0.3942256271839142,0.5057672262191772,-0.08858001977205276,0.37967514991760254,0.5640835762023926,-0.09646564722061157,0.3582795262336731,0.4559427499771118,-0.01870819926261902,0.3654022812843323,0.4157494604587555,-0.06839703768491745,0.3499816954135895,0.512303352355957,-0.07945989817380905,0.34381940960884094,0.5792223215103149,-0.07206785678863525,0.311211496591568,0.457594096660614,-0.02273685112595558,0.314424991607666,0.42481929063796997,-0.06987500190734863,0.3109106719493866,0.515934944152832,-0.06423001736402512,0.3122846186161041,0.5765979290008545,-0.04514414817094803,0.2668831944465637,0.4736505448818207,-0.029429590329527855,0.27118515968322754,0.4544745683670044,-0.06298072636127472,0.2777794301509857,0.5198569893836975,-0.058514755219221115,0.28672897815704346,0.5624082684516907,-0.04396091029047966
M,Right,0.3099803924560547,0.6669472455978394,-3.4808252280527086e-07,0.3669215440750122,0.6473440527915955,-0.032288890331983566,0.40450549125671387,0.5890772938728333,-0.04961792379617691,0.4026572108268738,0.535352349281311,-0.06546258181333542,0.3931295573711395,0.4966430962085724,-0.07612740248441696,0.4099786877632141,0.46966204047203064,-0.019584693014621735,0.41835832595825195,0.4337961971759796,-0.06212565302848816,0.39937710762023926,0.5071731209754944,-0.08586926013231277,0.3851613998413086,0.5650908946990967,-0.09366787225008011,0.3603699803352356,0.45678597688674927,-0.018063044175505638,0.369219034910202,0.4167060852050781,-0.06633783131837845,0.35477733612060547,0.5135118365287781,-0.07701550424098969,0.3491884171962738,0.5791599154472351,-0.06974617391824722,0.3127613961696625,0.4582556486129761,-0.02316036820411682,0.3179146945476532,0.4258742928504944,-0.06863369792699814,0.3149315118789673,0.5168859362602234,-0.06249058619141579,0.3163205087184906,0.576346755027771,-0.04353681579232216,0.26786869764328003,0.4741402268409729,-0.030769916251301765,0.2738761007785797,0.4548235535621643,-0.062449485063552856,0.28083229064941406,0.5200086236000061,-0.05696366727352142,0.2895263731479645,0.5622221827507019,-0.04208564758300781
M,Right,0.31407806277275085,0.6667846441268921,-3.5183509794478596e-07,0.371634304523468,0.6452020406723022,-0.03049037978053093,0.409430593252182,0.5831391215324402,-0.04615192860364914,0.4043368995189667,0.5268628597259521,-0.06034063547849655,0.3931828439235687,0.4882848560810089,-0.06952177733182907,0.41260138154029846,0.46911242604255676,-0.01866309717297554,0.42378705739974976,0.4339454472064972,-0.05945492908358574,0.4055677652359009,0.5065563917160034,-0.08190974593162537,0.39097195863723755,0.564541757106781,-0.08900202065706253,0.3633161187171936,0.455476313829422,-0.017378652468323708,0.37396299839019775,0.41536447405815125,-0.06363525986671448,0.360212117433548,0.5123939514160156,-0.07327291369438171,0.35417982935905457,0.5787149667739868,-0.06561458110809326,0.31606265902519226,0.45645540952682495,-0.02234775386750698,0.3225610852241516,0.4261460304260254,-0.06632537394762039,0.3203636705875397,0.5179318785667419,-0.0601067915558815,0.3214086890220642,0.5780110359191895,-0.04143672063946724,0.2710268497467041,0.47159603238105774,-0.029619790613651276,0.27860644459724426,0.45416557788848877,-0.0602690689265728,0.28657159209251404,0.5200551748275757,-0.05463752523064613,0.2949962317943573,0.5626698732376099,-0.039956849068403244
M,Right,0.31507039070129395,0.6657384037971497,-3.7993231671862304e-07,0.37399396300315857,0.6458310484886169,-0.029678065329790115,0.41425320506095886,0.5827418565750122,-0.04435369744896889,0.4067438244819641,0.5237050652503967,-0.05737443268299103,0.3930934965610504,0.4825386703014374,-0.06540657579898834,0.41471654176712036,0.4702306091785431,-0.018811773508787155,0.4292147159576416,0.43554750084877014,-0.05930759012699127,0.41100698709487915,0.5083256959915161,-0.08127701282501221,0.3959750235080719,0.565820038318634,-0.0879732295870781,0.3658614754676819,0.45582661032676697,-0.017651770263910294,0.37926897406578064,0.4170546531677246,-0.06311516463756561,0.36578986048698425,0.5143830180168152,-0.07189301401376724,0.3593900203704834,0.5807229280471802,-0.06374409794807434,0.3189763128757477,0.45575642585754395,-0.022643014788627625,0.3274300992488861,0.4277145564556122,-0.06634112447500229,0.3251792788505554,0.5210483074188232,-0.05973253399133682,0.3257990777492523,0.5813365578651428,-0.04084872454404831,0.2739879786968231,0.46975675225257874,-0.029803819954395294,0.28351420164108276,0.4542420506477356,-0.06058166176080704,0.291754812002182,0.5220330357551575,-0.05485815927386284,0.2998751401901245,0.5649890899658203,-0.040059663355350494
M,Right,0.31875959038734436,0.6686573028564453,-3.807764983321249e-07,0.37785598635673523,0.6476876139640808,-0.029847873374819756,0.41752177476882935,0.5805779099464417,-0.044137466698884964,0.40949949622154236,0.5202783346176147,-0.05680105835199356,0.39534294605255127,0.4795238673686981,-0.06448261439800262,0.41852086782455444,0.4722268581390381,-0.018519507721066475,0.432839572429657,0.43666255474090576,-0.059374790638685226,0.414088636636734,0.5096530318260193,-0.08134008944034576,0.39868640899658203,0.5672029852867126,-0.0879097431898117,0.3698483407497406,0.45769062638282776,-0.017333166673779488,0.3827946186065674,0.41825857758522034,-0.06282579153776169,0.36948856711387634,0.5152199864387512,-0.07144586741924286,0.363372802734375,0.5810014605522156,-0.06325145810842514,0.32266464829444885,0.4576491117477417,-0.022446922957897186,0.3310771584510803,0.4283103048801422,-0.0668603703379631,0.3287542760372162,0.5230990052223206,-0.06014905497431755,0.32930275797843933,0.5838335156440735,-0.04107608646154404,0.27719682455062866,0.47163474559783936,-0.02968629077076912,0.2865245044231415,0.45441702008247375,-0.06114497408270836,0.29459065198898315,0.5228371620178223,-0.05537387728691101,0.30227985978126526,0.5663262605667114,-0.04046116769313812
M,Right,0.3188760280609131,0.6701269149780273,-3.9020412145873706e-07,0.37903183698654175,0.6492987871170044,-0.02973966859281063,0.42007794976234436,0.5815686583518982,-0.043558813631534576,0.4143524765968323,0.5199558138847351,-0.05577464774250984,0.40118104219436646,0.4777448773384094,-0.06296196579933167,0.4206840991973877,0.4723834991455078,-0.01796940341591835,0.43493032455444336,0.43722814321517944,-0.058400530368089676,0.4159817695617676,0.5108920931816101,-0.08012525737285614,0.40026426315307617,0.5686264634132385,-0.08666451275348663,0.3724249601364136,0.4576798975467682,-0.01676294207572937,0.3852658271789551,0.41986319422721863,-0.06172145530581474,0.372033029794693,0.5168725848197937,-0.07019948214292526,0.3653770387172699,0.5825077295303345,-0.062131259590387344,0.325096070766449,0.4581548273563385,-0.02185588702559471,0.3331640064716339,0.43053632974624634,-0.06610287725925446,0.3315263092517853,0.5253303647041321,-0.05940646305680275,0.3321392834186554,0.5859512090682983,-0.04050073027610779,0.2790936827659607,0.4727020263671875,-0.029071366414427757,0.2890481948852539,0.4564506411552429,-0.06078050658106804,0.2976233959197998,0.5249773263931274,-0.055243175476789474,0.30523478984832764,0.568550169467926,-0.04050116613507271
M,Right,0.3193524479866028,0.6707419157028198,-3.7543921393989876e-07,0.37840965390205383,0.6498611569404602,-0.02905917726457119,0.4195187985897064,0.5852409601211548,-0.043307870626449585,0.41751348972320557,0.5257241725921631,-0.05648362264037132,0.4081141948699951,0.48543640971183777,-0.06470663845539093,0.42209306359291077,0.47054457664489746,-0.01577371545135975,0.43432509899139404,0.4358982443809509,-0.05699539557099342,0.41605183482170105,0.5093257427215576,-0.0800992101430893,0.4009109437465668,0.5686037540435791,-0.08743713051080704,0.37347865104675293,0.45642492175102234,-0.01535947434604168,0.38501423597335815,0.41861531138420105,-0.061337683349847794,0.3721158802509308,0.5154313445091248,-0.07118856906890869,0.36583834886550903,0.5824255347251892,-0.06374537944793701,0.3259630501270294,0.45776304602622986,-0.021332601085305214,0.3334602415561676,0.43118372559547424,-0.06604841351509094,0.33180609345436096,0.5249461531639099,-0.05988093093037605,0.33268773555755615,0.5857894420623779,-0.04104321449995041,0.28003591299057007,0.4736475646495819,-0.029490631073713303,0.2896275222301483,0.45755520462989807,-0.061191849410533905,0.29737475514411926,0.5251537561416626,-0.055547889322042465,0.30479490756988525,0.56895512342453,-0.04054674506187439
M,Right,0.3212720453739166,0.6701449155807495,-3.703914330799307e-07,0.3807327449321747,0.6488316059112549,-0.029967626556754112,0.42196932435035706,0.5819391012191772,-0.04440272971987724,0.4163844585418701,0.5214496850967407,-0.05738577991724014,0.4032514691352844,0.47892123460769653,-0.06535163521766663,0.4239916205406189,0.46995627880096436,-0.017024515196681023,0.43818438053131104,0.43749135732650757,-0.05869905278086662,0.4207002520561218,0.5095396041870117,-0.08192247152328491,0.405588835477829,0.567704439163208,-0.08938232809305191,0.3755367398262024,0.45491132140159607,-0.016180897131562233,0.3879276514053345,0.42114558815956116,-0.06255380809307098,0.37602096796035767,0.5184957981109619,-0.0722523108124733,0.3699415624141693,0.5845533609390259,-0.06482364237308502,0.3278436064720154,0.4553990960121155,-0.02186713181436062,0.33613869547843933,0.43167752027511597,-0.06737473607063293,0.3353319764137268,0.5270359516143799,-0.061353590339422226,0.3362184166908264,0.5872722864151001,-0.04265287518501282,0.28158342838287354,0.4703514277935028,-0.02973702922463417,0.2919337749481201,0.45816662907600403,-0.062189556658267975,0.3007611632347107,0.5274159908294678,-0.05697166547179222,0.3083832263946533,0.5701749324798584,-0.042314738035202026
M,Right,0.3239366412162781,0.6734283566474915,-3.81081918021664e-07,0.38445648550987244,0.6495867371559143,-0.02876920811831951,0.4255602955818176,0.5746919512748718,-0.04136255756020546,0.4166083037853241,0.5100501775741577,-0.052550412714481354,0.40116629004478455,0.4648013710975647,-0.05866984277963638,0.42457717657089233,0.4666934609413147,-0.014282931573688984,0.44088858366012573,0.43704915046691895,-0.05479897931218147,0.42380988597869873,0.5100023150444031,-0.07716811448335648,0.4079994559288025,0.5680848360061646,-0.08403794467449188,0.37652748823165894,0.4515822231769562,-0.013535684905946255,0.3909008800983429,0.4228381812572479,-0.058064378798007965,0.37991583347320557,0.5201361179351807,-0.06704804301261902,0.37338787317276,0.585401177406311,-0.059492819011211395,0.32898151874542236,0.45275020599365234,-0.019350489601492882,0.3392336964607239,0.43360739946365356,-0.0634247362613678,0.33967384696006775,0.5301187038421631,-0.05732245743274689,0.34047338366508484,0.5904890894889832,-0.03894158825278282,0.2827523350715637,0.4685821533203125,-0.027286969125270844,0.29538148641586304,0.4590131938457489,-0.05852130055427551,0.3058278262615204,0.5279982089996338,-0.05328662693500519,0.31370672583580017,0.5697974562644958,-0.03891932964324951
M,Right,0.3266763985157013,0.6734969615936279,-3.853925534258451e-07,0.38794809579849243,0.6485034823417664,-0.028836598619818687,0.4297386705875397,0.571514904499054,-0.041027918457984924,0.42322778701782227,0.5059899687767029,-0.05178327485918999,0.4103134870529175,0.45955824851989746,-0.057333629578351974,0.4257422685623169,0.4638567864894867,-0.015145394019782543,0.4451587200164795,0.4359355568885803,-0.055997077375650406,0.4277511239051819,0.5094043016433716,-0.07826913893222809,0.4113970696926117,0.5680763721466064,-0.0849330723285675,0.37817323207855225,0.4481080174446106,-0.014198795892298222,0.3947559595108032,0.4231974482536316,-0.05885082855820656,0.38345739245414734,0.5203642249107361,-0.06707166880369186,0.37669625878334045,0.5857386589050293,-0.05884535610675812,0.33061322569847107,0.44966062903404236,-0.01988685503602028,0.34308189153671265,0.4383086860179901,-0.06365162134170532,0.3434484899044037,0.5345261096954346,-0.05672050639986992,0.3438868820667267,0.5943397283554077,-0.03772042319178581,0.2842726707458496,0.46536967158317566,-0.027828795835375786,0.2988393306732178,0.4607885479927063,-0.0578717365860939,0.3095185458660126,0.5291574597358704,-0.05178327485918999,0.3172948956489563,0.5696137547492981,-0.03689244017004967
M,Right,0.3290538787841797,0.6738635301589966,-3.98824255398722e-07,0.3908903896808624,0.6493274569511414,-0.029393421486020088,0.43371838331222534,0.5710167288780212,-0.04158114269375801,0.4268935024738312,0.5039124488830566,-0.0522146113216877,0.41464194655418396,0.45699796080589294,-0.057384442538022995,0.42760366201400757,0.46303242444992065,-0.015257705003023148,0.44830262660980225,0.4349958896636963,-0.05623752251267433,0.4306083917617798,0.5110664367675781,-0.0783221498131752,0.4145973324775696,0.5696887969970703,-0.08479534089565277,0.38020074367523193,0.44703221321105957,-0.013909815810620785,0.39787060022354126,0.424370676279068,-0.05794421210885048,0.387366384267807,0.5219329595565796,-0.06540176272392273,0.381486713886261,0.5853755474090576,-0.05692730471491814,0.3329853415489197,0.44854384660720825,-0.01938438042998314,0.3469732403755188,0.43800660967826843,-0.06260062754154205,0.3475334048271179,0.5346928238868713,-0.054732341319322586,0.34796005487442017,0.593767523765564,-0.03535638749599457,0.2870950996875763,0.46430936455726624,-0.027248870581388474,0.30310365557670593,0.46008628606796265,-0.05660907179117203,0.313184916973114,0.5291610956192017,-0.04991404339671135,0.32000792026519775,0.569503128528595,-0.034777142107486725
M,Right,0.3335336148738861,0.6747241616249084,-3.9117310279834783e-07,0.39509522914886475,0.6498862504959106,-0.02932848036289215,0.436698317527771,0.5733104348182678,-0.04228467121720314,0.4312979578971863,0.5084729194641113,-0.05409042909741402,0.42002081871032715,0.46197205781936646,-0.06069665402173996,0.43222180008888245,0.4621729850769043,-0.01474042795598507,0.45210346579551697,0.4348005950450897,-0.05632692575454712,0.4348294734954834,0.5095824599266052,-0.0796542838215828,0.41955995559692383,0.5690282583236694,-0.08690766990184784,0.3853783905506134,0.4463079571723938,-0.013664518482983112,0.4031316041946411,0.42499497532844543,-0.058234650641679764,0.39295676350593567,0.520829439163208,-0.06677541136741638,0.387546181678772,0.5852155089378357,-0.059149716049432755,0.3384164571762085,0.448101282119751,-0.01945783570408821,0.3532368540763855,0.4356972277164459,-0.06315086781978607,0.35340577363967896,0.5322436094284058,-0.05587633326649666,0.35353732109069824,0.5939698219299316,-0.03684528172016144,0.29295405745506287,0.4642925560474396,-0.027699515223503113,0.30944597721099854,0.4585443139076233,-0.0582432821393013,0.31934434175491333,0.5278823375701904,-0.05221224203705788,0.32590726017951965,0.5711832642555237,-0.03722909837961197
M,Right,0.33087217807769775,0.6736764907836914,-4.0146585433831206e-07,0.3939497172832489,0.6505480408668518,-0.029435845091938972,0.43744099140167236,0.5763484835624695,-0.041906118392944336,0.43237462639808655,0.5108608603477478,-0.052699606865644455,0.42029112577438354,0.4633052945137024,-0.05808555707335472,0.4329273998737335,0.46319061517715454,-0.016113288700580597,0.4549980163574219,0.4345129430294037,-0.05654428154230118,0.4376152753829956,0.5099992156028748,-0.07850781083106995,0.4206714928150177,0.5688608884811401,-0.08501026779413223,0.3856837749481201,0.44642356038093567,-0.014811903238296509,0.40538153052330017,0.4217861592769623,-0.0584995336830616,0.3939930498600006,0.5199092030525208,-0.06614100188016891,0.3859817087650299,0.5853182673454285,-0.05777674540877342,0.3380342125892639,0.44785425066947937,-0.02010793797671795,0.3536328971385956,0.43621110916137695,-0.06316495686769485,0.35301098227500916,0.5320900082588196,-0.05584278702735901,0.3512251675128937,0.5919422507286072,-0.03671879321336746,0.29139506816864014,0.4641970694065094,-0.02774161845445633,0.3092401325702667,0.4587782919406891,-0.05758843198418617,0.318746417760849,0.5271429419517517,-0.05120987072587013,0.3238755762577057,0.5684627294540405,-0.0360884852707386
M,Right,0.3343811333179474,0.6739534139633179,-4.0320190919374e-07,0.3986586928367615,0.648367702960968,-0.02854003570973873,0.44271692633628845,0.5702384114265442,-0.03999476879835129,0.4379611611366272,0.5031731128692627,-0.0502314493060112,0.42755192518234253,0.4553169310092926,-0.05503736808896065,0.4369232654571533,0.4636211395263672,-0.014327412471175194,0.45837128162384033,0.4335134029388428,-0.05494588240981102,0.4385524392127991,0.5091167688369751,-0.07674121111631393,0.4211448132991791,0.5677555203437805,-0.08300657570362091,0.3896132707595825,0.44667917490005493,-0.013227981515228748,0.4087805151939392,0.42176195979118347,-0.05764487385749817,0.3956405818462372,0.5187190175056458,-0.06527338176965714,0.38817331194877625,0.5835000276565552,-0.05670212209224701,0.34210890531539917,0.4466484785079956,-0.018859799951314926,0.3574254512786865,0.43410181999206543,-0.06218146160244942,0.3552720844745636,0.5310556888580322,-0.05440756678581238,0.35397249460220337,0.5919211506843567,-0.03490285575389862,0.29560360312461853,0.4606066644191742,-0.026830606162548065,0.31282520294189453,0.4560447633266449,-0.056450989097356796,0.3212224245071411,0.5252465009689331,-0.0500347875058651,0.3270743191242218,0.5669167637825012,-0.03492789715528488
M,Right,0.3332180082798004,0.6708399057388306,-3.8930625123612117e-07,0.39753931760787964,0.6478246450424194,-0.028502127155661583,0.44207316637039185,0.574292778968811,-0.04048313573002815,0.43859100341796875,0.5099583268165588,-0.05121730640530586,0.4305053949356079,0.4625459909439087,-0.056555211544036865,0.4386276602745056,0.46370601654052734,-0.015448379330337048,0.4615480899810791,0.43055838346481323,-0.05626721307635307,0.4428921639919281,0.5045618414878845,-0.07821536064147949,0.4251271188259125,0.5638441443443298,-0.08447633683681488,0.3911474049091339,0.4470367431640625,-0.014550348743796349,0.411637544631958,0.41769903898239136,-0.05949290841817856,0.3984357416629791,0.515370786190033,-0.06767669320106506,0.38992559909820557,0.5820675492286682,-0.05919890105724335,0.34334972500801086,0.4468010663986206,-0.020186549052596092,0.3596077859401703,0.43036237359046936,-0.06426016241312027,0.3573356866836548,0.527840256690979,-0.05732717737555504,0.3551975190639496,0.589871883392334,-0.038053806871175766,0.2963535487651825,0.4607051610946655,-0.02804252691566944,0.31465497612953186,0.4562142491340637,-0.05915330722928047,0.323272705078125,0.5258634686470032,-0.05364442989230156,0.3286712169647217,0.5682555437088013,-0.03877208009362221
M,Right,0.3351198136806488,0.6711136102676392,-3.842958165023447e-07,0.39982831478118896,0.646855354309082,-0.02745106630027294,0.44355908036231995,0.5732612013816833,-0.03920905664563179,0.43875518441200256,0.5080434679985046,-0.05012701451778412,0.42873215675354004,0.4591875970363617,-0.05587757006287575,0.441111296415329,0.46349358558654785,-0.013549545779824257,0.4630424976348877,0.4276561141014099,-0.054581884294748306,0.4450722634792328,0.5001603364944458,-0.07719200849533081,0.42804351449012756,0.5602356195449829,-0.08384966850280762,0.3938077986240387,0.44689127802848816,-0.013349993154406548,0.41318345069885254,0.41473379731178284,-0.05884181335568428,0.39950594305992126,0.5122445225715637,-0.06794952601194382,0.39122337102890015,0.5800856351852417,-0.059952665120363235,0.34599316120147705,0.4462498724460602,-0.019657503813505173,0.36133721470832825,0.426316499710083,-0.06411624699831009,0.3581015169620514,0.5239808559417725,-0.057584039866924286,0.35603252053260803,0.5869643688201904,-0.03845410421490669,0.298770934343338,0.45992040634155273,-0.028092598542571068,0.3156764507293701,0.45320603251457214,-0.059746723622083664,0.3235655128955841,0.523838222026825,-0.054352957755327225,0.32915645837783813,0.5675730109214783,-0.039432041347026825
M,Right,0.3352402448654175,0.6706398129463196,-3.966064241467393e-07,0.40026965737342834,0.6451589465141296,-0.027766786515712738,0.444443941116333,0.5704545974731445,-0.039515648037195206,0.43845701217651367,0.5027236342430115,-0.05035705864429474,0.4282759726047516,0.45400261878967285,-0.05602462589740753,0.4427885115146637,0.4630270004272461,-0.013522842898964882,0.4633776545524597,0.42686036229133606,-0.054386768490076065,0.4439699947834015,0.49935829639434814,-0.07681626826524734,0.4271509647369385,0.5593190789222717,-0.08344628661870956,0.39510685205459595,0.4462813436985016,-0.012976991012692451,0.41416189074516296,0.4155385494232178,-0.058704160153865814,0.3993806838989258,0.512297511100769,-0.06787969917058945,0.3911433219909668,0.5801588892936707,-0.05990426987409592,0.34710994362831116,0.4449358582496643,-0.018964769318699837,0.36150050163269043,0.42704492807388306,-0.0638931542634964,0.357765257358551,0.5240198373794556,-0.057899054139852524,0.3561208248138428,0.5871025323867798,-0.03900955244898796,0.2995884418487549,0.4575704336166382,-0.027056949213147163,0.31593289971351624,0.4526335597038269,-0.059243373572826385,0.3233705163002014,0.5236592888832092,-0.054487425833940506,0.32915863394737244,0.5677292346954346,-0.03993120789527893
M,Right,0.3369663953781128,0.6681792736053467,-3.966666213273129e-07,0.40143153071403503,0.6448832750320435,-0.02635730803012848,0.44643455743789673,0.5722996592521667,-0.037693239748477936,0.44265827536582947,0.5075886845588684,-0.04848045855760574,0.4340587556362152,0.4601733088493347,-0.05420559272170067,0.44448357820510864,0.4629441499710083,-0.012953823432326317,0.4652174413204193,0.4241899251937866,-0.05346562713384628,0.44625070691108704,0.4958799481391907,-0.07549862563610077,0.42935410141944885,0.5559295415878296,-0.08186211436986923,0.39654961228370667,0.44703903794288635,-0.013320861384272575,0.4150933623313904,0.4116809368133545,-0.05879464000463486,0.4007839858531952,0.5090357065200806,-0.06781576573848724,0.3928320109844208,0.577279269695282,-0.059699784964323044,0.34891101717948914,0.44605040550231934,-0.020022092387080193,0.362949013710022,0.4231993556022644,-0.06454552710056305,0.35938769578933716,0.520616888999939,-0.058081820607185364,0.35773369669914246,0.5836161375045776,-0.03896205499768257,0.30197906494140625,0.4588567614555359,-0.02870793081820011,0.31750625371932983,0.4497877359390259,-0.06043591350317001,0.32474374771118164,0.5206176042556763,-0.05499817058444023,0.33041054010391235,0.564751386642456,-0.040051814168691635
M,Right,0.33985787630081177,0.6673441529273987,-3.961237950989016e-07,0.4038048982620239,0.643398106098175,-0.026501081883907318,0.4479604661464691,0.5692185759544373,-0.03773810714483261,0.4437869191169739,0.5042964220046997,-0.048425305634737015,0.43449798226356506,0.45660650730133057,-0.05394276604056358,0.44720178842544556,0.4633204936981201,-0.012934710830450058,0.4669284224510193,0.4227811098098755,-0.053409822285175323,0.4472416639328003,0.4956304132938385,-0.07517426460981369,0.43034884333610535,0.5555915236473083,-0.08138705790042877,0.39909860491752625,0.447997510433197,-0.013390650972723961,0.41706582903862,0.40849414467811584,-0.059233322739601135,0.40272149443626404,0.5064425468444824,-0.06833601742982864,0.39511626958847046,0.5750139355659485,-0.06014736369252205,0.3511000871658325,0.44720539450645447,-0.020215608179569244,0.36462727189064026,0.41942331194877625,-0.06541378051042557,0.3615463078022003,0.516995906829834,-0.05919409543275833,0.3604498505592346,0.5801529288291931,-0.040075771510601044,0.30376675724983215,0.4600124955177307,-0.028952941298484802,0.31920602917671204,0.44817402958869934,-0.06166622415184975,0.3267805576324463,0.5194361209869385,-0.05665489286184311,0.3327159285545349,0.5643987059593201,-0.04189213365316391
M,Right,0.3434281051158905,0.6685177683830261,-3.8405786995099334e-07,0.4077894687652588,0.643168568611145,-0.027487609535455704,0.4509788155555725,0.5674864649772644,-0.03926666080951691,0.4441682994365692,0.502031147480011,-0.05028415098786354,0.43315547704696655,0.4538925886154175,-0.05596155673265457,0.4500473141670227,0.4604471027851105,-0.013050517067313194,0.46889492869377136,0.4208562970161438,-0.05433285981416702,0.4499141573905945,0.49440693855285645,-0.07687178999185562,0.433415025472641,0.5550471544265747,-0.08346641063690186,0.40166133642196655,0.4454416334629059,-0.013094000518321991,0.41858187317848206,0.40803262591362,-0.05967006832361221,0.40492695569992065,0.5067399740219116,-0.06926332414150238,0.3978278636932373,0.5752159357070923,-0.06134427711367607,0.35339486598968506,0.4451618790626526,-0.01970282569527626,0.36663225293159485,0.4197656214237213,-0.06536878645420074,0.36380189657211304,0.5178347229957581,-0.05911318585276604,0.36272022128105164,0.5805395245552063,-0.039891138672828674,0.3059389293193817,0.4584285318851471,-0.028348570689558983,0.3218208849430084,0.4474026560783386,-0.06091172620654106,0.32911401987075806,0.5191328525543213,-0.055507536977529526,0.33470267057418823,0.563504695892334,-0.040472883731126785
M,Right,0.35797080397605896,0.674850583076477,-3.3851173952825775e-07,0.4224890172481537,0.6474721431732178,-0.027472443878650665,0.4636037051677704,0.5697978138923645,-0.039669279009103775,0.4571210741996765,0.5055418014526367,-0.05173834040760994,0.44830814003944397,0.4614677429199219,-0.058709897100925446,0.4557451903820038,0.46118125319480896,-0.012425904162228107,0.4787549078464508,0.4262261986732483,-0.05573498085141182,0.46275854110717773,0.5004479289054871,-0.08046696335077286,0.44746530055999756,0.5619115829467773,-0.08810050785541534,0.40800750255584717,0.44657033681869507,-0.012793696485459805,0.4297637343406677,0.41485798358917236,-0.060345616191625595,0.4198816418647766,0.5123530626296997,-0.07111527025699615,0.4137004017829895,0.5803152322769165,-0.06376641243696213,0.36039993166923523,0.447846382856369,-0.019961250945925713,0.37881287932395935,0.42856359481811523,-0.0653771236538887,0.3785167336463928,0.5250694155693054,-0.05951249599456787,0.3774169981479645,0.5871747732162476,-0.04039314016699791,0.31334811449050903,0.4625975787639618,-0.029443029314279556,0.3346420228481293,0.4578762948513031,-0.06010177358984947,0.3442307114601135,0.5266760587692261,-0.054237399250268936,0.34913307428359985,0.5697245001792908,-0.039042454212903976
M,Right,0.35459691286087036,0.6738837957382202,-3.9133746554398385e-07,0.41822317242622375,0.6490762233734131,-0.02744675613939762,0.46089696884155273,0.5741796493530273,-0.03918609395623207,0.458076149225235,0.5103105306625366,-0.05007999390363693,0.45050743222236633,0.4618045687675476,-0.055655114352703094,0.4564238488674164,0.46338513493537903,-0.01458834670484066,0.48076140880584717,0.42424753308296204,-0.05553516745567322,0.46491187810897827,0.4993475079536438,-0.07755260169506073,0.44854116439819336,0.5599358081817627,-0.0836506262421608,0.40905284881591797,0.44863176345825195,-0.01434940006583929,0.429855614900589,0.4122682809829712,-0.05892447754740715,0.41900068521499634,0.5115272998809814,-0.06690344959497452,0.41154518723487854,0.5791038870811462,-0.05831875279545784,0.3611026704311371,0.4496578574180603,-0.020573072135448456,0.37778836488723755,0.42720335721969604,-0.06397093087434769,0.3770085275173187,0.5247652530670166,-0.056229956448078156,0.3749662935733795,0.5868732929229736,-0.036496490240097046,0.31361791491508484,0.4642086327075958,-0.028962358832359314,0.332163006067276,0.4545542597770691,-0.059162165969610214,0.34123125672340393,0.5239652395248413,-0.052370741963386536,0.34571802616119385,0.5670673251152039,-0.03666635602712631
M,Right,0.35258638858795166,0.6721275448799133,-3.737763449862541e-07,0.4173908233642578,0.6446594595909119,-0.027235988527536392,0.4596211314201355,0.5702790021896362,-0.03930550068616867,0.45475953817367554,0.5065965056419373,-0.05089786648750305,0.4458352327346802,0.45945584774017334,-0.05729719623923302,0.45644521713256836,0.4594723880290985,-0.01229188498109579,0.47688648104667664,0.41947346925735474,-0.0537872277200222,0.4611785411834717,0.4936012327671051,-0.07688344269990921,0.44587159156799316,0.5551733374595642,-0.08376679569482803,0.40821510553359985,0.4449806213378906,-0.0125472042709589,0.4273328185081482,0.4077723026275635,-0.058523956686258316,0.4157255291938782,0.5079335570335388,-0.06827805191278458,0.4084710478782654,0.5765460729598999,-0.060545746237039566,0.3597671687602997,0.4462137520313263,-0.01938069984316826,0.3739774227142334,0.42197591066360474,-0.06432041525840759,0.3728039264678955,0.5194886326789856,-0.05802975222468376,0.37193062901496887,0.581408679485321,-0.03883838653564453,0.3114659786224365,0.4614402949810028,-0.02830353006720543,0.3283382058143616,0.45006367564201355,-0.059806689620018005,0.337075412273407,0.520389974117279,-0.053722135722637177,0.34280386567115784,0.5643388628959656,-0.038260482251644135
M,Right,0.3525233268737793,0.6728115081787109,-3.8907813859623275e-07,0.4172966182231903,0.6451191306114197,-0.028125625103712082,0.4588366746902466,0.5709813833236694,-0.041101012378931046,0.45089033246040344,0.5053714513778687,-0.05332917347550392,0.4386747479438782,0.45618489384651184,-0.06023426353931427,0.45684292912483215,0.4592605531215668,-0.013959948904812336,0.47845086455345154,0.4210888743400574,-0.056212812662124634,0.4608800411224365,0.49512964487075806,-0.07997540384531021,0.4444478750228882,0.5564864873886108,-0.08729509264230728,0.4086812734603882,0.44439077377319336,-0.014024562202394009,0.42895931005477905,0.4092922806739807,-0.060664281249046326,0.41575393080711365,0.5081045627593994,-0.07047886401414871,0.4076310694217682,0.5765519738197327,-0.06281033903360367,0.36040884256362915,0.44485384225845337,-0.020738232880830765,0.3763187825679779,0.4226389229297638,-0.06588403880596161,0.37335503101348877,0.5199082493782043,-0.059206947684288025,0.3710671365261078,0.5820221900939941,-0.03982578217983246,0.3127392828464508,0.45921412110328674,-0.029663361608982086,0.3305800259113312,0.4499867260456085,-0.060974620282649994,0.33759766817092896,0.5202721357345581,-0.05459929257631302,0.3417789340019226,0.5633541345596313,-0.039046064019203186
M,Right,0.3529624938964844,0.6740798950195312,-3.8486780340463156e-07,0.4177314341068268,0.6462281346321106,-0.028002742677927017,0.4591309726238251,0.5716104507446289,-0.040869444608688354,0.4525751769542694,0.5067669749259949,-0.05306762829422951,0.4408532381057739,0.45844510197639465,-0.05998426303267479,0.4568479359149933,0.4597591757774353,-0.01376162189990282,0.4787250757217407,0.42174217104911804,-0.05593962222337723,0.4611354172229767,0.4961853623390198,-0.07963777333498001,0.44467848539352417,0.5574538707733154,-0.0868949145078659,0.40881189703941345,0.4447656273841858,-0.013896743766963482,0.42911696434020996,0.4096730351448059,-0.06054838374257088,0.4159397780895233,0.5087281465530396,-0.07037320733070374,0.40772268176078796,0.5774667859077454,-0.06264344602823257,0.36039620637893677,0.44539129734039307,-0.020662859082221985,0.3762817084789276,0.4236246645450592,-0.06586574763059616,0.3735281527042389,0.5214715003967285,-0.05924491956830025,0.3712894320487976,0.5841721296310425,-0.03980523720383644,0.3126671314239502,0.45995038747787476,-0.029630746692419052,0.330486923456192,0.4510859549045563,-0.06102241575717926,0.3378077447414398,0.5216851830482483,-0.05470320209860802,0.34216633439064026,0.5653656721115112,-0.03911750763654709
M,Right,0.3526098430156708,0.6748355627059937,-3.933699588287709e-07,0.4173566997051239,0.6470190286636353,-0.027958538383245468,0.45895320177078247,0.5713105797767639,-0.04078168421983719,0.45272335410118103,0.5059664845466614,-0.052919719368219376,0.4420709013938904,0.4575726091861725,-0.05985831841826439,0.45642149448394775,0.4611172676086426,-0.014686203561723232,0.47885969281196594,0.4222712814807892,-0.05668246001005173,0.4611927270889282,0.4969792664051056,-0.08001810312271118,0.4447234570980072,0.5579872727394104,-0.08706743270158768,0.40844669938087463,0.44666787981987,-0.014842693693935871,0.4294639527797699,0.40999555587768555,-0.06119206175208092,0.41623055934906006,0.5090348124504089,-0.07062241435050964,0.40759560465812683,0.5777941942214966,-0.062755286693573,0.36024630069732666,0.4476162791252136,-0.021529430523514748,0.3761456608772278,0.423390656709671,-0.06645386666059494,0.37335070967674255,0.5214866399765015,-0.059333089739084244,0.37071681022644043,0.5846371650695801,-0.039665885269641876,0.31269726157188416,0.4622504711151123,-0.030389904975891113,0.32993021607398987,0.4500105082988739,-0.0614803209900856,0.3371945321559906,0.5205150842666626,-0.05461575463414192,0.34115615487098694,0.5649372935295105,-0.0387314110994339
M,Right,0.3520962595939636,0.6750857830047607,-3.954361602609424e-07,0.41726452112197876,0.6474159955978394,-0.028858724981546402,0.45905736088752747,0.5711320042610168,-0.042011089622974396,0.45081475377082825,0.5040619969367981,-0.05422016605734825,0.4384899139404297,0.45466840267181396,-0.06113462150096893,0.45649170875549316,0.46033477783203125,-0.01513760071247816,0.47852182388305664,0.4229476749897003,-0.0575370155274868,0.46068331599235535,0.4980684518814087,-0.08118388801813126,0.44431233406066895,0.5595089197158813,-0.08840164542198181,0.4081932008266449,0.4456760883331299,-0.014893018640577793,0.4292217791080475,0.41086605191230774,-0.061608001589775085,0.4158942699432373,0.5101277828216553,-0.0711970403790474,0.40728577971458435,0.5790200233459473,-0.06337609142065048,0.3597952425479889,0.44659513235092163,-0.021306142210960388,0.37564143538475037,0.4239668548107147,-0.06669290363788605,0.3728235065937042,0.5222896337509155,-0.059762291610240936,0.37030479311943054,0.585434079170227,-0.040134187787771225,0.3120649456977844,0.4614621698856354,-0.029958033934235573,0.32947054505348206,0.4502558708190918,-0.06140410155057907,0.3366299271583557,0.5212114453315735,-0.054751742631196976,0.3406015932559967,0.5654861927032471,-0.03895469754934311
M,Right,0.35242003202438354,0.6756525635719299,-3.925493956558057e-07,0.41716983914375305,0.6474942564964294,-0.02797088585793972,0.4588753879070282,0.5714645981788635,-0.040668316185474396,0.4525298476219177,0.5061069130897522,-0.052658483386039734,0.4416394829750061,0.4578089714050293,-0.059413522481918335,0.4560558795928955,0.46078649163246155,-0.014217540621757507,0.47884684801101685,0.4229486584663391,-0.05645753815770149,0.4613618850708008,0.49768373370170593,-0.08007890731096268,0.44474726915359497,0.5592146515846252,-0.08721118420362473,0.40815314650535583,0.4461415410041809,-0.01432108972221613,0.4289897084236145,0.41109493374824524,-0.06074454262852669,0.4156305193901062,0.5104201436042786,-0.07020816206932068,0.4070017337799072,0.579336941242218,-0.062319837510585785,0.3598928153514862,0.4470899701118469,-0.02104366570711136,0.3759404420852661,0.4243091344833374,-0.06601615995168686,0.3728475570678711,0.5224613547325134,-0.058875516057014465,0.3701191842556,0.5855488181114197,-0.03914542868733406,0.3121441602706909,0.461821973323822,-0.029976744204759598,0.3294847309589386,0.450507253408432,-0.0609964057803154,0.33653753995895386,0.5211374163627625,-0.0540655292570591,0.3404698669910431,0.5652336478233337,-0.03809542581439018
M,Right,0.3521203100681305,0.6744433045387268,-3.9140587659858284e-07,0.4171482026576996,0.6466881036758423,-0.028339924290776253,0.4585418701171875,0.5715972185134888,-0.04142742604017258,0.45257049798965454,0.506855845451355,-0.05374397337436676,0.4422879219055176,0.4590212106704712,-0.06076596677303314,0.4561576247215271,0.4601031243801117,-0.014996333979070187,0.47892770171165466,0.42323413491249084,-0.05750644952058792,0.4614073932170868,0.49847277998924255,-0.08131606131792068,0.444784551858902,0.5602054595947266,-0.08858152478933334,0.40819263458251953,0.44524431228637695,-0.014972145669162273,0.4288146495819092,0.41131407022476196,-0.06158021464943886,0.41560444235801697,0.5106202960014343,-0.07104963064193726,0.40710535645484924,0.5796021819114685,-0.063206247985363,0.35991230607032776,0.44622766971588135,-0.02158568613231182,0.37599509954452515,0.4246627986431122,-0.06658013164997101,0.3730609118938446,0.5224598050117493,-0.059448111802339554,0.37040725350379944,0.5855288505554199,-0.03976505249738693,0.3122945725917816,0.4610297977924347,-0.030473455786705017,0.3295441269874573,0.4512004256248474,-0.06146291643381119,0.3367057144641876,0.5214779376983643,-0.05467291176319122,0.34072428941726685,0.5653683543205261,-0.038828033953905106
M,Right,0.35357582569122314,0.6775616407394409,-3.8466541241177765e-07,0.4184631407260895,0.6484200954437256,-0.027973880991339684,0.45885276794433594,0.5713379383087158,-0.04061657190322876,0.4515984058380127,0.5063421726226807,-0.052641477435827255,0.4403599202632904,0.4586346447467804,-0.05940043553709984,0.4565323293209076,0.4618475139141083,-0.013696268200874329,0.47879427671432495,0.4231327176094055,-0.05587140470743179,0.46134060621261597,0.4981505870819092,-0.07959171384572983,0.44497376680374146,0.5600947737693787,-0.08675000071525574,0.40873298048973083,0.44707128405570984,-0.013632568530738354,0.4287756681442261,0.41243845224380493,-0.05990390107035637,0.41540950536727905,0.511559009552002,-0.06948699057102203,0.4073021113872528,0.5803694725036621,-0.061723873019218445,0.3602660298347473,0.4476989507675171,-0.020238259807229042,0.376517117023468,0.4247906804084778,-0.0647459626197815,0.37320268154144287,0.5227667093276978,-0.05773622915148735,0.3705001771450043,0.5862141847610474,-0.0382223017513752,0.3122643828392029,0.46204546093940735,-0.029109399765729904,0.33018168807029724,0.4522705078125,-0.05978909507393837,0.337517112493515,0.5226505994796753,-0.05310233309864998,0.34176570177078247,0.5666971802711487,-0.037364695221185684
M,Right,0.3522489368915558,0.6773875951766968,-3.943452497878752e-07,0.4174574613571167,0.6486214399337769,-0.02786199189722538,0.4585886597633362,0.5721356868743896,-0.04052357375621796,0.4520922899246216,0.5069014430046082,-0.05254969373345375,0.44140154123306274,0.45889174938201904,-0.059327349066734314,0.45579349994659424,0.4620901048183441,-0.01433256920427084,0.4788220226764679,0.42286252975463867,-0.05636774003505707,0.4615449011325836,0.4980376064777374,-0.07980350404977798,0.4450971782207489,0.5599504709243774,-0.08683739602565765,0.4079521894454956,0.44738781452178955,-0.014378953725099564,0.42864370346069336,0.4122028350830078,-0.060358211398124695,0.41566869616508484,0.5116856098175049,-0.06957537680864334,0.40762805938720703,0.5806432962417603,-0.06170548498630524,0.35967159271240234,0.44831085205078125,-0.02102850377559662,0.37634947896003723,0.42418262362480164,-0.06550977379083633,0.37341833114624023,0.5226231217384338,-0.058187637478113174,0.37080058455467224,0.586537778377533,-0.03852315992116928,0.31183934211730957,0.4630829393863678,-0.029905660077929497,0.32939380407333374,0.4518528878688812,-0.06071968376636505,0.33695659041404724,0.5223569273948669,-0.05387882515788078,0.3413041830062866,0.5668502449989319,-0.03803933411836624
M,Right,0.35268300771713257,0.6776819825172424,-4.024472275432345e-07,0.41784244775772095,0.6489272117614746,-0.026702092960476875,0.4588249921798706,0.5714290738105774,-0.03876427188515663,0.4511813521385193,0.506411075592041,-0.05040282383561134,0.4385197162628174,0.45813432335853577,-0.056991055607795715,0.4566822946071625,0.46274447441101074,-0.01283225603401661,0.4790995717048645,0.42278385162353516,-0.05368369445204735,0.46167048811912537,0.49682316184043884,-0.07665274292230606,0.4447143077850342,0.5586570501327515,-0.08360791206359863,0.4090697169303894,0.44854116439819336,-0.013490973971784115,0.4297511875629425,0.41025322675704956,-0.05814996361732483,0.4167216122150421,0.5091069340705872,-0.0672457367181778,0.4079815447330475,0.5787090063095093,-0.059576645493507385,0.3608861565589905,0.4499957859516144,-0.020568234845995903,0.37766793370246887,0.42015236616134644,-0.06432806700468063,0.3747796416282654,0.5188190340995789,-0.05723551660776138,0.37157580256462097,0.5839731693267822,-0.0379570797085762,0.3130207359790802,0.4657666087150574,-0.02970956638455391,0.33035725355148315,0.4507265090942383,-0.06092969700694084,0.33816373348236084,0.5218103528022766,-0.05434255301952362,0.3421962857246399,0.568112313747406,-0.03871555253863335
M,Right,0.35556143522262573,0.6604799032211304,-2.680197894733283e-07,0.41002407670021057,0.6436816453933716,-0.020184317603707314,0.45594945549964905,0.5526171922683716,-0.024164319038391113,0.42985108494758606,0.48197200894355774,-0.028514208272099495,0.39242076873779297,0.44498109817504883,-0.028384646400809288,0.4689880907535553,0.473363995552063,-0.0012461234582588077,0.4941713809967041,0.3881060779094696,-0.028380412608385086,0.48561882972717285,0.4249626398086548,-0.043264809995889664,0.46878373622894287,0.473371297121048,-0.047167304903268814,0.4238811135292053,0.45399343967437744,-0.002801567083224654,0.4495088458061218,0.371131956577301,-0.030223121866583824,0.43939098715782166,0.44919976592063904,-0.03533189371228218,0.4266904890537262,0.5024674534797668,-0.029032723978161812,0.37959933280944824,0.4478636384010315,-0.00985393114387989,0.3962094485759735,0.36470305919647217,-0.03835529461503029,0.3933354914188385,0.4419417083263397,-0.029261503368616104,0.38351255655288696,0.4912871718406677,-0.013401328586041927,0.33071520924568176,0.45063817501068115,-0.01873326674103737,0.35231104493141174,0.3858669102191925,-0.03725213557481766,0.3569059371948242,0.43845900893211365,-0.025132836773991585,0.35034582018852234,0.47829750180244446,-0.00976487435400486
M,Right,0.35505542159080505,0.6650476455688477,-1.832216298680578e-07,0.410220742225647,0.6420242190361023,-0.023583771660923958,0.4463851749897003,0.5441441535949707,-0.03204786032438278,0.39335814118385315,0.46895891427993774,-0.03994522616267204,0.33451783657073975,0.45045706629753113,-0.043328434228897095,0.4720056653022766,0.46889907121658325,-0.0032615207601338625,0.49573302268981934,0.3804129958152771,-0.02550257369875908,0.48767611384391785,0.4265773296356201,-0.040772415697574615,0.4736669957637787,0.47220516204833984,-0.048126447945833206,0.4258825182914734,0.4471108317375183,-0.004273467697203159,0.4495973587036133,0.35655826330184937,-0.02457777038216591,0.4453356862068176,0.42271265387535095,-0.03354475647211075,0.434814989566803,0.4674852788448334,-0.03432055562734604,0.3809887170791626,0.4396832585334778,-0.010094267316162586,0.396576464176178,0.3476702570915222,-0.03342438489198685,0.3999246656894684,0.4181886315345764,-0.030996045097708702,0.39028939604759216,0.46490737795829773,-0.02270025946199894,0.33243680000305176,0.4424113929271698,-0.0180305577814579,0.35414838790893555,0.37723737955093384,-0.03485812619328499,0.35988980531692505,0.43246257305145264,-0.02723241224884987,0.3523658215999603,0.47420457005500793,-0.017518557608127594
M,Right,0.3493124842643738,0.6605505347251892,-1.7850103972705256e-07,0.4089019000530243,0.6381996273994446,-0.029642824083566666,0.44910168647766113,0.5514800548553467,-0.039481837302446365,0.3955835700035095,0.4861108958721161,-0.04804549366235733,0.33468711376190186,0.472723126411438,-0.05345437675714493,0.48250269889831543,0.4621623456478119,0.001150355557911098,0.5052453279495239,0.3835275173187256,-0.025564100593328476,0.4830985963344574,0.4046294391155243,-0.04575999826192856,0.46278297901153564,0.4507872760295868,-0.05517267435789108,0.43920063972473145,0.428104430437088,0.0026600640267133713,0.46451103687286377,0.35508665442466736,-0.025704897940158844,0.4369337856769562,0.3920419216156006,-0.042785584926605225,0.41870933771133423,0.44443851709365845,-0.04530198127031326,0.395727276802063,0.40882444381713867,-0.0019956231117248535,0.4059326648712158,0.3433806300163269,-0.03439006581902504,0.3854033946990967,0.3986625671386719,-0.04373542219400406,0.3749048709869385,0.4542313516139984,-0.03963572159409523,0.3523957133293152,0.40251582860946655,-0.008824661374092102,0.35543349385261536,0.3620830774307251,-0.03618909418582916,0.3434053957462311,0.42184978723526,-0.037411391735076904,0.33878156542778015,0.478663831949234,-0.03011300228536129
M,Right,0.34941715002059937,0.6635366678237915,3.515830471201298e-08,0.4071475565433502,0.6368191838264465,-0.028333453461527824,0.4467233121395111,0.5560771822929382,-0.03906196355819702,0.3944566547870636,0.4921066462993622,-0.05057461932301521,0.3343995213508606,0.48166948556900024,-0.05992608144879341,0.47478869557380676,0.47506648302078247,4.133147740503773e-05,0.5052093863487244,0.4003567099571228,-0.028928786516189575,0.4964982569217682,0.38335222005844116,-0.052086252719163895,0.48200875520706177,0.4057624340057373,-0.06402279436588287,0.4344264566898346,0.4382539987564087,-0.002411989960819483,0.4726504683494568,0.35210591554641724,-0.037668973207473755,0.44859278202056885,0.36533141136169434,-0.060774363577365875,0.4286911189556122,0.4126298129558563,-0.06657779216766357,0.3918929398059845,0.41986215114593506,-0.010683871805667877,0.4124053716659546,0.33432090282440186,-0.04342370852828026,0.39310184121131897,0.37144234776496887,-0.05513649061322212,0.38401010632514954,0.42926427721977234,-0.05212237313389778,0.34770315885543823,0.41854989528656006,-0.021784324198961258,0.3596961796283722,0.35302239656448364,-0.04417116567492485,0.35610875487327576,0.37475404143333435,-0.04767408221960068,0.35849660634994507,0.419885516166687,-0.04358680546283722
M,Right,0.34583228826522827,0.6805462837219238,2.319193725952573e-07,0.40380069613456726,0.6466610431671143,-0.031220179051160812,0.4399271309375763,0.5621729493141174,-0.04274751618504524,0.38874006271362305,0.49918562173843384,-0.05323251709342003,0.3282790184020996,0.4987003803253174,-0.061563167721033096,0.4727913439273834,0.4791889190673828,8.818861715553794e-06,0.49991676211357117,0.4071447551250458,-0.024689877405762672,0.5042250752449036,0.3867036700248718,-0.0479792095720768,0.5044758319854736,0.3974793553352356,-0.06247836723923683,0.43054068088531494,0.44692593812942505,-0.001173127442598343,0.45725640654563904,0.36966797709465027,-0.02931060642004013,0.4543185830116272,0.3618011474609375,-0.05347412824630737,0.45586463809013367,0.38152453303337097,-0.06462475657463074,0.3852655589580536,0.4350729286670685,-0.009187424555420876,0.3998810946941376,0.36071693897247314,-0.03324940800666809,0.40516197681427,0.3294224143028259,-0.05335317179560661,0.41627952456474304,0.32175618410110474,-0.06259548664093018,0.3376137614250183,0.4402221739292145,-0.02073568105697632,0.352220743894577,0.3802032768726349,-0.03644246608018875,0.36172184348106384,0.35111725330352783,-0.04600875824689865,0.3760702610015869,0.33684006333351135,-0.051727961748838425
M,Right,0.34707552194595337,0.6918317079544067,4.183033297522343e-07,0.4119398295879364,0.6476826071739197,-0.026099082082509995,0.4440809488296509,0.5634372234344482,-0.03314840793609619,0.3903796076774597,0.5017299652099609,-0.0393567755818367,0.32927292585372925,0.4980897605419159,-0.04441101476550102,0.4663602113723755,0.47986647486686707,0.0031507175881415606,0.4937933385372162,0.42270901799201965,-0.013390741311013699,0.5102574825286865,0.39986810088157654,-0.03089457005262375,0.5272607803344727,0.38460519909858704,-0.0445983000099659,0.42703038454055786,0.4510355293750763,0.0010567812714725733,0.44929200410842896,0.39088088274002075,-0.010291578248143196,0.4655075967311859,0.36125317215919495,-0.024347694590687752,0.4896467924118042,0.3381809890270233,-0.036378730088472366,0.3825054168701172,0.4461956024169922,-0.008039752021431923,0.3953115940093994,0.3791106939315796,-0.024858033284544945,0.41161254048347473,0.33340781927108765,-0.041426073759794235,0.43433091044425964,0.29673147201538086,-0.05251981317996979,0.3344096541404724,0.4558414816856384,-0.02045515365898609,0.34929415583610535,0.3882816433906555,-0.03400859236717224,0.3638502061367035,0.34417301416397095,-0.04329833760857582,0.3837527632713318,0.30664634704589844,-0.051362477242946625
M,Right,0.34888455271720886,0.6843223571777344,5.327073040461983e-07,0.4109722971916199,0.6486847400665283,-0.02680184133350849,0.44339117407798767,0.5616563558578491,-0.033207427710294724,0.38927704095840454,0.5010433197021484,-0.03783227503299713,0.32558515667915344,0.5053761005401611,-0.042137060314416885,0.46266114711761475,0.47989505529403687,-0.0019156651105731726,0.489665150642395,0.4256567358970642,-0.013978863134980202,0.5080603361129761,0.4033416211605072,-0.028512392193078995,0.5309916138648987,0.3790062963962555,-0.041704144328832626,0.42443668842315674,0.4503704905509949,-0.0039177145808935165,0.45202499628067017,0.39120009541511536,-0.012706517241895199,0.4735755920410156,0.3556998372077942,-0.024837631732225418,0.5018641948699951,0.3171613812446594,-0.03587423264980316,0.3812008500099182,0.4450305998325348,-0.012081463821232319,0.3976174592971802,0.375985711812973,-0.026820171624422073,0.41644105315208435,0.3276998698711395,-0.042694587260484695,0.4397132098674774,0.2794724702835083,-0.05376790091395378,0.3347211480140686,0.4540460705757141,-0.023555679246783257,0.35303589701652527,0.38575315475463867,-0.03555462509393692,0.3704867959022522,0.34238332509994507,-0.04381095990538597,0.3919626474380493,0.298606812953949,-0.05166502669453621
M,Right,0.3491600751876831,0.6794877052307129,5.711541462005698e-07,0.41225746273994446,0.6468719840049744,-0.02678842283785343,0.4446023106575012,0.5589237213134766,-0.03296685963869095,0.3898172080516815,0.49824258685112,-0.037134863436222076,0.3249448835849762,0.5075080990791321,-0.04127742350101471,0.46251413226127625,0.48092013597488403,-0.0035215867683291435,0.48979902267456055,0.426116019487381,-0.014688706025481224,0.5091871023178101,0.39968717098236084,-0.028215575963258743,0.5318176746368408,0.37193939089775085,-0.040803998708724976,0.42492416501045227,0.4516987204551697,-0.005574735812842846,0.4541911482810974,0.39036762714385986,-0.014402348548173904,0.47822415828704834,0.350421667098999,-0.02653869241476059,0.5064283013343811,0.3072412610054016,-0.03734363988041878,0.3820716142654419,0.44552454352378845,-0.013539210893213749,0.39889466762542725,0.3732109069824219,-0.028517652302980423,0.41964852809906006,0.3223293423652649,-0.045545853674411774,0.44281405210494995,0.2709427773952484,-0.05723131075501442,0.3359983563423157,0.4523744285106659,-0.024630049243569374,0.35452914237976074,0.3818962872028351,-0.036771126091480255,0.3731048107147217,0.33742308616638184,-0.04574240744113922,0.3942098021507263,0.29186058044433594,-0.0541691854596138
M,Right,0.35112401843070984,0.6788057684898376,5.69736585021019e-07,0.4147506654262543,0.6463603377342224,-0.02716728486120701,0.4469939172267914,0.5588110685348511,-0.03387625142931938,0.3900820016860962,0.4979211091995239,-0.03820508345961571,0.3249090909957886,0.5060008764266968,-0.04247903823852539,0.46364420652389526,0.4819071590900421,-0.006642131134867668,0.49133050441741943,0.4251056909561157,-0.018174899742007256,0.5114103555679321,0.3966577351093292,-0.03130076080560684,0.5348076820373535,0.367790162563324,-0.043660931289196014,0.42550569772720337,0.4540957808494568,-0.008698337711393833,0.4535049796104431,0.39250409603118896,-0.017836080864071846,0.4770994186401367,0.35244059562683105,-0.030151376500725746,0.5053429007530212,0.30927762389183044,-0.04131818190217018,0.3824252486228943,0.44928961992263794,-0.01642553322017193,0.39783933758735657,0.3770999610424042,-0.032368168234825134,0.41903409361839294,0.3249279856681824,-0.05019940063357353,0.442344069480896,0.27195900678634644,-0.06262055784463882,0.33626723289489746,0.4569791257381439,-0.027132093906402588,0.3538620173931122,0.3867797553539276,-0.04072977975010872,0.3718467056751251,0.3433483839035034,-0.05059439316391945,0.39197197556495667,0.2988687753677368,-0.0597139373421669
M,Right,0.3511548936367035,0.6788721680641174,5.983063715575554e-07,0.41571304202079773,0.6451563835144043,-0.025582805275917053,0.4473356306552887,0.5575384497642517,-0.03181130066514015,0.39022552967071533,0.49803248047828674,-0.03607657551765442,0.32566073536872864,0.5052610039710999,-0.0404929555952549,0.4625509977340698,0.484229177236557,-0.005809645168483257,0.4910723865032196,0.4268679618835449,-0.017380649223923683,0.5125271677970886,0.39754313230514526,-0.03032456338405609,0.5367832183837891,0.3682265281677246,-0.04234806448221207,0.42444849014282227,0.4572983682155609,-0.008413799107074738,0.4535766541957855,0.39487341046333313,-0.017727961763739586,0.4788728952407837,0.354136198759079,-0.02994084730744362,0.5082332491874695,0.31064194440841675,-0.040819328278303146,0.3814994692802429,0.45214250683784485,-0.016510970890522003,0.397416889667511,0.3779001235961914,-0.032337967306375504,0.41935089230537415,0.3252772092819214,-0.04991878941655159,0.4430631697177887,0.2726000249385834,-0.06196131929755211,0.3354440927505493,0.4589015245437622,-0.027410808950662613,0.3539401590824127,0.38820964097976685,-0.04055192321538925,0.3726261556148529,0.34422600269317627,-0.05005412921309471,0.3932076096534729,0.29996782541275024,-0.0588136725127697
M,Right,0.35120445489883423,0.6805934906005859,6.104564818087965e-07,0.41674503684043884,0.644991397857666,-0.025342104956507683,0.44789302349090576,0.5576945543289185,-0.03203004226088524,0.3904787003993988,0.4975743591785431,-0.03685512766242027,0.32561933994293213,0.5052880644798279,-0.04185504838824272,0.4622592329978943,0.48761406540870667,-0.006980830803513527,0.49124473333358765,0.42888209223747253,-0.019641755148768425,0.5134034156799316,0.3989473879337311,-0.03304905444383621,0.5381806492805481,0.3699071705341339,-0.04523812234401703,0.42389243841171265,0.4617634415626526,-0.009975756518542767,0.4530761241912842,0.39903193712234497,-0.02073066681623459,0.47942012548446655,0.35729706287384033,-0.033547837287187576,0.5096654295921326,0.31363916397094727,-0.04465081915259361,0.3807184100151062,0.4567326605319977,-0.018403757363557816,0.3965263366699219,0.38216090202331543,-0.03533695265650749,0.4195899963378906,0.32796359062194824,-0.053361885249614716,0.4443633556365967,0.2743692100048065,-0.06554092466831207,0.33437713980674744,0.46278008818626404,-0.02954142726957798,0.3526383340358734,0.3920689523220062,-0.04337899014353752,0.3712281286716461,0.3469407856464386,-0.0532786063849926,0.391608327627182,0.3015209436416626,-0.062260568141937256
M,Right,0.3481598198413849,0.6794007420539856,5.834225476064603e-07,0.41291794180870056,0.6443862318992615,-0.02550491876900196,0.44550400972366333,0.5601171255111694,-0.03324032202363014,0.39073801040649414,0.5005066990852356,-0.039507195353507996,0.3283906579017639,0.5012229084968567,-0.045908428728580475,0.46528202295303345,0.4921525716781616,-0.004911863710731268,0.4930140972137451,0.4377525746822357,-0.02094886265695095,0.5143606662750244,0.4022566080093384,-0.03698950633406639,0.5363572835922241,0.3737230896949768,-0.05036841332912445,0.4264162480831146,0.46529603004455566,-0.008353372104465961,0.4547562003135681,0.40572524070739746,-0.021620891988277435,0.4790205657482147,0.3636907935142517,-0.03574462980031967,0.5061047673225403,0.3274269700050354,-0.04713672026991844,0.3815978467464447,0.45860016345977783,-0.017660534009337425,0.39823654294013977,0.38615480065345764,-0.03742552176117897,0.41979092359542847,0.33508092164993286,-0.05436859279870987,0.44414815306663513,0.28630027174949646,-0.06536079943180084,0.3320361375808716,0.4645068645477295,-0.02959795854985714,0.3502352833747864,0.4037354290485382,-0.046829190105199814,0.368415892124176,0.3617101311683655,-0.0565379299223423,0.38889557123184204,0.3194923996925354,-0.06451407819986343
M,Right,0.35399043560028076,0.657440721988678,6.50822755687841e-08,0.4143218696117401,0.6366632580757141,-0.029333066195249557,0.45218172669410706,0.554104208946228,-0.04078103229403496,0.3911311626434326,0.4919165372848511,-0.05059446021914482,0.3303782045841217,0.4787498414516449,-0.05747344344854355,0.48259198665618896,0.47197771072387695,-0.003987423609942198,0.5089207887649536,0.3977358937263489,-0.031171338632702827,0.496123343706131,0.4104789197444916,-0.049439989030361176,0.4871143698692322,0.4398212134838104,-0.05816958472132683,0.4378904700279236,0.4451947510242462,-0.0036132936365902424,0.4683781862258911,0.3748384118080139,-0.03455915302038193,0.4447292685508728,0.41423577070236206,-0.04939373582601547,0.4344978630542755,0.4548897445201874,-0.049851734191179276,0.3929216265678406,0.4330466687679291,-0.00907354149967432,0.40405431389808655,0.3717120885848999,-0.04343409463763237,0.3882855176925659,0.4217478036880493,-0.04879907891154289,0.3878752291202545,0.4595062732696533,-0.04194779321551323,0.34649401903152466,0.4328424334526062,-0.016513977199792862,0.3583678901195526,0.3951708674430847,-0.04158703610301018,0.34722161293029785,0.449919193983078,-0.03798074647784233,0.3453395664691925,0.4939112067222595,-0.028278419747948647
M,Right,0.35300150513648987,0.6776615977287292,-9.401321499069581e-09,0.4174160063266754,0.6420432329177856,-0.021785417571663857,0.4507935345172882,0.5577681064605713,-0.03137648478150368,0.40432095527648926,0.4785892367362976,-0.04123243689537048,0.3527095317840576,0.44991469383239746,-0.048172708600759506,0.472825288772583,0.48122987151145935,0.0035655046813189983,0.49756795167922974,0.41425907611846924,-0.017780696973204613,0.5002092123031616,0.43724358081817627,-0.03772267699241638,0.49345073103904724,0.47429996728897095,-0.04913194105029106,0.43005403876304626,0.4614203870296478,0.0007728663622401655,0.45643940567970276,0.3983914256095886,-0.015164467506110668,0.4596911668777466,0.42908233404159546,-0.02770945057272911,0.45720043778419495,0.4593207836151123,-0.03409029543399811,0.38419872522354126,0.45708346366882324,-0.007490772288292646,0.40345048904418945,0.3919525742530823,-0.02831697277724743,0.41236910223960876,0.4316968619823456,-0.03167234733700752,0.41294217109680176,0.46364447474479675,-0.030277570709586143,0.3343183696269989,0.46444588899612427,-0.018025962635874748,0.36125001311302185,0.4114053249359131,-0.03302749991416931,0.3654036819934845,0.4585585594177246,-0.026105767115950584,0.3593907356262207,0.5014219284057617,-0.01869702711701393
M,Right,0.35371133685112,0.6813927292823792,-2.369869349649889e-07,0.41727128624916077,0.6400480270385742,-0.00981112290173769,0.4529978334903717,0.5568981766700745,-0.017138054594397545,0.43476927280426025,0.48521214723587036,-0.028013618662953377,0.4063601791858673,0.4371975064277649,-0.03609856963157654,0.46555233001708984,0.490574449300766,-0.000558706873562187,0.49165377020835876,0.41904547810554504,-0.029934464022517204,0.49455270171165466,0.4667041301727295,-0.049597449600696564,0.48662784695625305,0.5135817527770996,-0.057980895042419434,0.4228288531303406,0.4766291379928589,-0.00877363234758377,0.4475008249282837,0.40734830498695374,-0.03478551283478737,0.44704902172088623,0.4761321246623993,-0.04398918151855469,0.4394787549972534,0.5176743268966675,-0.045132771134376526,0.3773326575756073,0.47451820969581604,-0.02110789716243744,0.39939048886299133,0.40388238430023193,-0.04793524742126465,0.407334566116333,0.47451087832450867,-0.04332006350159645,0.40332695841789246,0.5174232721328735,-0.03393017500638962,0.3272371292114258,0.4826098382472992,-0.034324463456869125,0.35199597477912903,0.4290525019168854,-0.05150234326720238,0.36574241518974304,0.47880470752716064,-0.042495399713516235,0.3661118447780609,0.5158536434173584,-0.031813133507966995
M,Right,0.34812358021736145,0.691157341003418,-3.880677468259819e-07,0.4164627194404602,0.6465023756027222,-0.00017422977543901652,0.456219881772995,0.5747073292732239,-0.004379943013191223,0.4612581729888916,0.5119311213493347,-0.012927068397402763,0.44499149918556213,0.46534982323646545,-0.019697923213243484,0.46941840648651123,0.5125457644462585,-0.0020359891932457685,0.48442983627319336,0.43179067969322205,-0.024588722735643387,0.4700254499912262,0.4824647903442383,-0.03789246454834938,0.45995765924453735,0.5320397615432739,-0.04248104989528656,0.425061970949173,0.4985958933830261,-0.01212368905544281,0.43763306736946106,0.4193781614303589,-0.03372335433959961,0.43061724305152893,0.484043687582016,-0.03834022581577301,0.42505142092704773,0.5379345417022705,-0.0362982377409935,0.37726926803588867,0.49200308322906494,-0.024004876613616943,0.39205777645111084,0.4183391332626343,-0.043389804661273956,0.3932187557220459,0.487244188785553,-0.034728728234767914,0.38873931765556335,0.5415888428688049,-0.023646047338843346,0.3273996412754059,0.4954689145088196,-0.03594352677464485,0.34919121861457825,0.4398403763771057,-0.04911299794912338,0.3560749590396881,0.490009069442749,-0.038207899779081345,0.35306316614151,0.5353519916534424,-0.025758925825357437
M,Right,0.34461456537246704,0.6916930675506592,-3.731908577719878e-07,0.41308704018592834,0.6557612419128418,-0.01142765674740076,0.45102423429489136,0.5871068835258484,-0.019916344434022903,0.4524206519126892,0.5203326344490051,-0.03176378831267357,0.4376874566078186,0.4662851095199585,-0.040311768651008606,0.46352508664131165,0.5179125666618347,-0.006333587691187859,0.4860638678073883,0.44199660420417786,-0.0393708311021328,0.4658476710319519,0.5017500519752502,-0.05690577253699303,0.4519883096218109,0.557140588760376,-0.06156937777996063,0.4178394675254822,0.5004809498786926,-0.01302048284560442,0.4365903437137604,0.42650458216667175,-0.04866397753357887,0.4224971830844879,0.505474865436554,-0.05645937845110893,0.4151403605937958,0.5688173770904541,-0.0519150048494339,0.3703519105911255,0.4890986680984497,-0.02397632785141468,0.38905447721481323,0.4263794720172882,-0.05756496265530586,0.38397109508514404,0.511554479598999,-0.0508350245654583,0.3791242837905884,0.5755918622016907,-0.03567615523934364,0.32291826605796814,0.4878554940223694,-0.03583487868309021,0.34321334958076477,0.44340550899505615,-0.05763116478919983,0.3466670513153076,0.499757319688797,-0.050021734088659286,0.34570032358169556,0.5477607846260071,-0.03710608184337616
M,Right,0.34694191813468933,0.681871771812439,-3.6017200955029693e-07,0.41062551736831665,0.6575978994369507,-0.02166212536394596,0.45255744457244873,0.5996648669242859,-0.03460126370191574,0.4577902555465698,0.5454701781272888,-0.04957778751850128,0.45658841729164124,0.5034104585647583,-0.06008071079850197,0.4648516774177551,0.48722273111343384,-0.006979045458137989,0.4877859652042389,0.45109468698501587,-0.04703831672668457,0.4671260118484497,0.5228771567344666,-0.07132171094417572,0.449080228805542,0.5822048187255859,-0.07955380529165268,0.420739084482193,0.46493029594421387,-0.010017682798206806,0.44114965200424194,0.43354532122612,-0.05334438011050224,0.4246574640274048,0.5264676213264465,-0.0645153596997261,0.4149821698665619,0.5933478474617004,-0.059502627700567245,0.3745062053203583,0.4558871388435364,-0.019191529601812363,0.3937496244907379,0.43028098344802856,-0.06044392287731171,0.3849655091762543,0.5246238708496094,-0.055704157799482346,0.37839388847351074,0.5903019905090332,-0.03903338313102722,0.3273608982563019,0.46080926060676575,-0.03043188713490963,0.3439624011516571,0.45245543122291565,-0.059533022344112396,0.345831036567688,0.5215691924095154,-0.05501021444797516,0.34650081396102905,0.5713464021682739,-0.04152098670601845
M,Right,0.35068464279174805,0.681784987449646,-3.579696965516632e-07,0.41307029128074646,0.6590325236320496,-0.023072747513651848,0.4551805853843689,0.5955290198326111,-0.03535174950957298,0.4594224691390991,0.541509747505188,-0.04870942234992981,0.456820011138916,0.49940162897109985,-0.05757288262248039,0.464484304189682,0.48573634028434753,-0.008697235956788063,0.48810121417045593,0.45443037152290344,-0.04885699972510338,0.4684528410434723,0.5263610482215881,-0.07295235991477966,0.4502660930156708,0.5852822661399841,-0.08070990443229675,0.42108213901519775,0.46485766768455505,-0.010599124245345592,0.4406738579273224,0.43748652935028076,-0.053747985512018204,0.42537572979927063,0.5306354761123657,-0.06431647390127182,0.4163682758808136,0.5973644852638245,-0.05860603600740433,0.37480810284614563,0.45736706256866455,-0.01868690736591816,0.39333483576774597,0.4342803955078125,-0.060319386422634125,0.38471683859825134,0.5307419300079346,-0.054910652339458466,0.3783402740955353,0.5972084999084473,-0.037486664950847626,0.3281068801879883,0.46338215470314026,-0.028830623254179955,0.34332600235939026,0.4554232954978943,-0.0585285983979702,0.3462507128715515,0.526504397392273,-0.05343262478709221,0.3481898009777069,0.5767253637313843,-0.039183907210826874
M,Right,0.3511964976787567,0.679841935634613,-3.54195321961015e-07,0.4131855368614197,0.6567942500114441,-0.02351505681872368,0.4551848769187927,0.590919017791748,-0.035131409764289856,0.4570944905281067,0.5328118801116943,-0.04722563922405243,0.4531046748161316,0.486893892288208,-0.05471205711364746,0.46303659677505493,0.48480212688446045,-0.009076202288269997,0.4872392416000366,0.4551433026790619,-0.04921731352806091,0.46763262152671814,0.5265437960624695,-0.07302717864513397,0.44908472895622253,0.5850178599357605,-0.08056553453207016,0.4199152886867523,0.4630940854549408,-0.010391632094979286,0.440466046333313,0.4362001419067383,-0.05384155362844467,0.4239858090877533,0.5296030640602112,-0.06398067623376846,0.4136772155761719,0.596986711025238,-0.05759701132774353,0.37379246950149536,0.4557509124279022,-0.017880873754620552,0.39192166924476624,0.43629541993141174,-0.05983618646860123,0.38313552737236023,0.5325847268104553,-0.05416063219308853,0.3770360052585602,0.5983575582504272,-0.036355242133140564,0.32703062891960144,0.46166709065437317,-0.02737467922270298,0.3428921699523926,0.4598792791366577,-0.05754401907324791,0.346394807100296,0.5312268733978271,-0.05269904062151909,0.3492279350757599,0.5795164704322815,-0.03848457336425781
M,Right,0.3523504436016083,0.6785863637924194,-3.5616386639958364e-07,0.41226840019226074,0.6572695970535278,-0.024089381098747253,0.45403215289115906,0.5910771489143372,-0.0357820987701416,0.4558762013912201,0.5336809754371643,-0.04780047759413719,0.4509824216365814,0.48740413784980774,-0.0550839900970459,0.4622166156768799,0.484485000371933,-0.009786476381123066,0.4867345988750458,0.45628100633621216,-0.04998522251844406,0.4662635326385498,0.5284767150878906,-0.07354353368282318,0.44754475355148315,0.5861467719078064,-0.08089979737997055,0.4192896783351898,0.4627572000026703,-0.010936967097222805,0.4403938055038452,0.4358184039592743,-0.054327912628650665,0.4232787489891052,0.5288745164871216,-0.06396636366844177,0.4125938415527344,0.595461905002594,-0.057204511016607285,0.3731319308280945,0.4560173749923706,-0.01830832101404667,0.39109718799591064,0.43743079900741577,-0.06003118306398392,0.3821007311344147,0.5337001085281372,-0.0537179671227932,0.37589913606643677,0.5987372994422913,-0.03550916537642479,0.3266497254371643,0.4624790549278259,-0.027770455926656723,0.34247103333473206,0.4603385329246521,-0.05723569169640541,0.34598198533058167,0.5309011936187744,-0.05178723856806755,0.3486924171447754,0.578511118888855,-0.0372808575630188
M,Right,0.3525989055633545,0.6768741011619568,-3.3762117368496547e-07,0.41332757472991943,0.6556314826011658,-0.025149047374725342,0.45471373200416565,0.5889194011688232,-0.0372803658246994,0.45668378472328186,0.5293879508972168,-0.049367520958185196,0.45212095975875854,0.4814504086971283,-0.0566919669508934,0.46092867851257324,0.48340845108032227,-0.011576652526855469,0.48607534170150757,0.45736101269721985,-0.05240771546959877,0.4657210409641266,0.529455304145813,-0.07612860202789307,0.44743168354034424,0.5870471596717834,-0.0834779217839241,0.41800457239151,0.460933119058609,-0.012115239165723324,0.44065818190574646,0.43642300367355347,-0.055884066969156265,0.4235134720802307,0.5283645987510681,-0.06538829952478409,0.4129057824611664,0.5946241021156311,-0.05845082923769951,0.37164926528930664,0.454115092754364,-0.01891227625310421,0.3906928300857544,0.43954998254776,-0.06106650084257126,0.38204053044319153,0.5351473689079285,-0.05471419915556908,0.376433789730072,0.599834680557251,-0.03634433448314667,0.3249392509460449,0.4606873095035553,-0.027872171252965927,0.34220021963119507,0.46170178055763245,-0.05766180530190468,0.3465719223022461,0.5324292182922363,-0.05238742008805275,0.3500736653804779,0.5798659324645996,-0.03787773475050926
M,Right,0.3524572253227234,0.6760702729225159,-3.2437137065244315e-07,0.41271916031837463,0.6556468605995178,-0.025555023923516273,0.45594555139541626,0.5899806022644043,-0.03772377595305443,0.4604484438896179,0.5306023955345154,-0.049783263355493546,0.4578680396080017,0.48325666785240173,-0.05719011649489403,0.46005475521087646,0.4820190370082855,-0.011064167134463787,0.48435574769973755,0.45686718821525574,-0.052340272814035416,0.46587419509887695,0.527559757232666,-0.07666347920894623,0.4487168788909912,0.5852761268615723,-0.08426530659198761,0.4174109101295471,0.4601356089115143,-0.011303526349365711,0.4401659071445465,0.43674781918525696,-0.055579088628292084,0.4241688549518585,0.5281035304069519,-0.06576671451330185,0.4136151075363159,0.5949372053146362,-0.058989472687244415,0.371463418006897,0.4538683295249939,-0.017850205302238464,0.3906853497028351,0.44110167026519775,-0.060543958097696304,0.3821578025817871,0.5358036756515503,-0.05471188947558403,0.3763125538825989,0.6000543832778931,-0.03629589453339577,0.3250632882118225,0.46082696318626404,-0.026591835543513298,0.34267669916152954,0.46312788128852844,-0.05677901953458786,0.3468276262283325,0.5333894491195679,-0.05175131931900978,0.3497849702835083,0.5805941224098206,-0.037083689123392105
M,Right,0.3528636693954468,0.6750075817108154,-3.2249783998850035e-07,0.41321703791618347,0.6548464298248291,-0.025689631700515747,0.4557417631149292,0.5902574062347412,-0.038111090660095215,0.45968151092529297,0.5307244062423706,-0.0503191277384758,0.45582959055900574,0.48354196548461914,-0.057839468121528625,0.4604116976261139,0.4824625849723816,-0.011831383220851421,0.4852525293827057,0.45705634355545044,-0.05294625833630562,0.4669092297554016,0.5281558036804199,-0.07692289352416992,0.4496893286705017,0.5854992866516113,-0.08440957218408585,0.417305052280426,0.4601847529411316,-0.012071632780134678,0.44016730785369873,0.4366581439971924,-0.05622324347496033,0.4244336485862732,0.5287851691246033,-0.06620761007070541,0.41388046741485596,0.5952334403991699,-0.05940369889140129,0.3710744380950928,0.4540785253047943,-0.018550101667642593,0.38977357745170593,0.4417967200279236,-0.06102287769317627,0.38185107707977295,0.5365712642669678,-0.05504439398646355,0.3764365613460541,0.6000012159347534,-0.03670806065201759,0.32457947731018066,0.4616239070892334,-0.02721499465405941,0.3416510820388794,0.4644511342048645,-0.05713944509625435,0.34619104862213135,0.5345300436019897,-0.05202607437968254,0.3496449887752533,0.5809390544891357,-0.03746207803487778
M,Right,0.3521127998828888,0.6751376390457153,-3.2700407359698147e-07,0.4132590889930725,0.6550390720367432,-0.025408634915947914,0.45674121379852295,0.5896939039230347,-0.0370478555560112,0.46146416664123535,0.5295003652572632,-0.0485416054725647,0.45819246768951416,0.4821949303150177,-0.055424951016902924,0.4604383111000061,0.48170551657676697,-0.0102786123752594,0.48572054505348206,0.45686447620391846,-0.05089487507939339,0.46749740839004517,0.5269938111305237,-0.07465781271457672,0.450197696685791,0.5845104455947876,-0.08196887373924255,0.41747698187828064,0.4590681791305542,-0.010328777134418488,0.44029295444488525,0.4377254843711853,-0.053911615163087845,0.4243468940258026,0.5296215415000916,-0.06378329545259476,0.41365236043930054,0.5960872769355774,-0.05690809711813927,0.37120500206947327,0.45278775691986084,-0.016700083389878273,0.3899471163749695,0.44267216324806213,-0.05887465551495552,0.381605327129364,0.5371811985969543,-0.053100697696208954,0.3759773075580597,0.6007012724876404,-0.03482858091592789,0.3244611918926239,0.46023184061050415,-0.025248367339372635,0.3417455554008484,0.4639780521392822,-0.054949503391981125,0.3464183211326599,0.5337302684783936,-0.049956563860177994,0.34993794560432434,0.5798876881599426,-0.035413097590208054
M,Right,0.3519114851951599,0.6746402978897095,-3.2378963510382164e-07,0.41282400488853455,0.6548939943313599,-0.02604108676314354,0.4562997817993164,0.5906326174736023,-0.03839695453643799,0.46103256940841675,0.5304559469223022,-0.05049834027886391,0.45803314447402954,0.4830430746078491,-0.057965319603681564,0.46088308095932007,0.48148906230926514,-0.011423408053815365,0.4855872094631195,0.4576892554759979,-0.05302896350622177,0.4672728478908539,0.5278938412666321,-0.07743016630411148,0.4499744176864624,0.5856766104698181,-0.08501207083463669,0.4176104664802551,0.45880424976348877,-0.011459085159003735,0.440592497587204,0.4369577169418335,-0.056222543120384216,0.4244926869869232,0.5287701487541199,-0.06656596064567566,0.4135940670967102,0.596024751663208,-0.05967138707637787,0.37121468782424927,0.45244014263153076,-0.017858430743217468,0.3898496925830841,0.44261354207992554,-0.06106066703796387,0.38166284561157227,0.5371913313865662,-0.055629633367061615,0.3763062357902527,0.6010340452194214,-0.03725076839327812,0.3245404362678528,0.4599708914756775,-0.026460036635398865,0.34183698892593384,0.46449437737464905,-0.056922394782304764,0.3466019034385681,0.5346630215644836,-0.052242573350667953,0.3503120243549347,0.5810360312461853,-0.03770488500595093
M,Right,0.35221612453460693,0.6744773387908936,-3.239800037135865e-07,0.4128701984882355,0.6550256609916687,-0.026063457131385803,0.45631271600723267,0.58976149559021,-0.03825511410832405,0.4608156383037567,0.5296941995620728,-0.05018133297562599,0.4581148028373718,0.4829426109790802,-0.0574602410197258,0.46169519424438477,0.48049330711364746,-0.011269669979810715,0.48602095246315,0.45702406764030457,-0.05269482359290123,0.46745818853378296,0.526948869228363,-0.07702597975730896,0.4499971866607666,0.5845130085945129,-0.0846698209643364,0.4179151654243469,0.45780619978904724,-0.011296314187347889,0.44018736481666565,0.4376828074455261,-0.055846814066171646,0.4244955778121948,0.5296939015388489,-0.06614606082439423,0.4139063060283661,0.5964480638504028,-0.05939539149403572,0.37122562527656555,0.45167338848114014,-0.017709163948893547,0.38943755626678467,0.44290775060653687,-0.0606314018368721,0.3816384971141815,0.537880539894104,-0.05508873611688614,0.3764144480228424,0.6014034748077393,-0.03684873506426811,0.3244413435459137,0.4596349596977234,-0.026351504027843475,0.3415115773677826,0.4647867679595947,-0.05651949718594551,0.3463844060897827,0.5348039865493774,-0.05174209177494049,0.3501166105270386,0.580534815788269,-0.03729228302836418
M,Right,0.35112616419792175,0.6744967103004456,-3.263112091644871e-07,0.412253737449646,0.6550402045249939,-0.02622448094189167,0.4557017385959625,0.589465320110321,-0.03833213075995445,0.4600042998790741,0.5287914872169495,-0.05008205026388168,0.4566624164581299,0.4810906648635864,-0.05709218233823776,0.46101462841033936,0.48033997416496277,-0.011363902129232883,0.48640549182891846,0.45736563205718994,-0.052642930299043655,0.46765387058258057,0.5274047255516052,-0.07675893604755402,0.4499518573284149,0.5849319696426392,-0.08427116274833679,0.4176279902458191,0.4567425549030304,-0.011232583783566952,0.44045504927635193,0.4384012520313263,-0.05547678843140602,0.4244958162307739,0.5304846167564392,-0.06546393781900406,0.41376203298568726,0.5971540212631226,-0.05850909650325775,0.37096163630485535,0.44997650384902954,-0.017544034868478775,0.38954445719718933,0.4439305067062378,-0.060058463364839554,0.38148483633995056,0.5385645031929016,-0.05445297807455063,0.37619784474372864,0.6016934514045715,-0.036253295838832855,0.32403090596199036,0.4574107527732849,-0.026153476908802986,0.3411197364330292,0.46559661626815796,-0.05600821226835251,0.3460494875907898,0.5355116724967957,-0.05135691165924072,0.34984877705574036,0.5806450843811035,-0.03703977167606354
M,Right,0.3515428602695465,0.676659345626831,-3.2616253520245664e-07,0.412654310464859,0.6561254858970642,-0.025438662618398666,0.4557371735572815,0.5886742472648621,-0.03698378801345825,0.4591330289840698,0.5272562503814697,-0.04843983054161072,0.45535722374916077,0.4792203903198242,-0.05527681112289429,0.4600965082645416,0.4805397689342499,-0.00976505596190691,0.48612695932388306,0.45718616247177124,-0.05073980614542961,0.46781840920448303,0.5266766548156738,-0.07475243508815765,0.4503575563430786,0.5840532779693604,-0.0822158008813858,0.41693559288978577,0.4578033685684204,-0.010037544183433056,0.44065624475479126,0.43898993730545044,-0.05395188182592392,0.42489859461784363,0.5309582352638245,-0.06400195509195328,0.4141108989715576,0.5973286628723145,-0.057137828320264816,0.3704882562160492,0.451703816652298,-0.01675538718700409,0.38987764716148376,0.44346997141838074,-0.05934196710586548,0.3818613886833191,0.5386013984680176,-0.05376984924077988,0.37634506821632385,0.6020467281341553,-0.035528406500816345,0.32346999645233154,0.459831565618515,-0.025657974183559418,0.3412228226661682,0.465734601020813,-0.05568796396255493,0.3465014696121216,0.5357617139816284,-0.050877515226602554,0.35017159581184387,0.5812040567398071,-0.036385830491781235
M,Right,0.3521667420864105,0.6755739450454712,-3.256648142269114e-07,0.4125625491142273,0.656126856803894,-0.02659936435520649,0.4553261399269104,0.5914781093597412,-0.039485275745391846,0.45919573307037354,0.5314715504646301,-0.052071940153837204,0.4555533528327942,0.4843612313270569,-0.060043588280677795,0.4606679677963257,0.48049309849739075,-0.012463241815567017,0.4858052134513855,0.4576420783996582,-0.05444756895303726,0.46790456771850586,0.5281018018722534,-0.07911457121372223,0.4510660171508789,0.585942268371582,-0.08697434514760971,0.41723495721817017,0.45783039927482605,-0.012502986006438732,0.44017505645751953,0.43928003311157227,-0.05738366022706032,0.425153523683548,0.5318557620048523,-0.06775011867284775,0.41499245166778564,0.5985732078552246,-0.06109766289591789,0.37063586711883545,0.45211195945739746,-0.01898304373025894,0.3891943395137787,0.44399040937423706,-0.06241229549050331,0.38200482726097107,0.5394550561904907,-0.05687101557850838,0.37713533639907837,0.6031741499900818,-0.03857202082872391,0.3237309753894806,0.46061310172080994,-0.027718840166926384,0.34050360321998596,0.46596643328666687,-0.05839637294411659,0.34613358974456787,0.5363084077835083,-0.05361844226717949,0.35019224882125854,0.5823100209236145,-0.039069823920726776
M,Right,0.3514227867126465,0.6747324466705322,-3.2355288226426637e-07,0.4117460250854492,0.654911994934082,-0.02637285180389881,0.4548954963684082,0.5896318554878235,-0.03895856812596321,0.4598866105079651,0.5300425291061401,-0.051195427775382996,0.45718324184417725,0.4833414852619171,-0.058778706938028336,0.4602329730987549,0.4797436594963074,-0.012332193553447723,0.48600587248802185,0.45805788040161133,-0.053950704634189606,0.46804043650627136,0.5287428498268127,-0.07840843498706818,0.4509466588497162,0.5867095589637756,-0.08620550483465195,0.4168586730957031,0.45659923553466797,-0.012362021952867508,0.44032618403434753,0.43951988220214844,-0.056718822568655014,0.4251258969306946,0.5319707989692688,-0.06680528074502945,0.41467341780662537,0.5986196398735046,-0.060066211968660355,0.3703335225582123,0.4509391784667969,-0.01878032460808754,0.3895588517189026,0.4449285864830017,-0.06153164803981781,0.38189151883125305,0.5399865508079529,-0.055738985538482666,0.3765544891357422,0.6032665371894836,-0.03744790703058243,0.3235762417316437,0.45978468656539917,-0.02749628573656082,0.3409252166748047,0.46731457114219666,-0.057645536959171295,0.3460424840450287,0.537249743938446,-0.052740003913640976,0.3495739698410034,0.5825236439704895,-0.03821655362844467
M,Right,0.352092444896698,0.6766026616096497,-3.213060324469552e-07,0.4123029112815857,0.6560193300247192,-0.026008179411292076,0.4545958340167999,0.5885094404220581,-0.038108617067337036,0.4576115012168884,0.5280411243438721,-0.049951814115047455,0.4531916379928589,0.4808717370033264,-0.05711345747113228,0.4597935676574707,0.48115527629852295,-0.011336353607475758,0.4858178198337555,0.4581989049911499,-0.05238396301865578,0.4674989581108093,0.5286795496940613,-0.07631898671388626,0.4503509998321533,0.5858643651008606,-0.08385573327541351,0.4164317846298218,0.458658367395401,-0.0114871421828866,0.4401051998138428,0.43981170654296875,-0.05550434812903404,0.4251633882522583,0.5320509076118469,-0.06545307487249374,0.41492700576782227,0.5982353687286377,-0.05863799527287483,0.37000226974487305,0.4529677629470825,-0.018026161938905716,0.389396071434021,0.4448312222957611,-0.06057307869195938,0.3820550739765167,0.5402018427848816,-0.054708175361156464,0.3767363727092743,0.6034151911735535,-0.03640901297330856,0.3232026994228363,0.46143877506256104,-0.0268032755702734,0.3411916196346283,0.4671889841556549,-0.056744031608104706,0.3464559018611908,0.5370944738388062,-0.05165634676814079,0.3497004210948944,0.5822629928588867,-0.03708682209253311
M,Right,0.35097360610961914,0.6758247017860413,-3.253687737014843e-07,0.41149938106536865,0.6562482714653015,-0.02618001215159893,0.4547913074493408,0.5904173254966736,-0.038448262959718704,0.4595554769039154,0.5306677222251892,-0.050475284457206726,0.4568828046321869,0.48419058322906494,-0.05788923427462578,0.4594302177429199,0.48198041319847107,-0.011900434270501137,0.48553580045700073,0.45804595947265625,-0.05310750752687454,0.46722978353500366,0.528226912021637,-0.07713337987661362,0.4501320719718933,0.5854896306991577,-0.0847720131278038,0.41598275303840637,0.45992571115493774,-0.011994118802249432,0.4395058751106262,0.4394384026527405,-0.056448835879564285,0.42456895112991333,0.531849205493927,-0.06647807359695435,0.4143865704536438,0.5983136296272278,-0.059689395129680634,0.3695835471153259,0.45438212156295776,-0.018459495157003403,0.3888252377510071,0.4445303976535797,-0.06138111278414726,0.3814273178577423,0.539818525314331,-0.05542893707752228,0.37607133388519287,0.603179931640625,-0.03701983019709587,0.3227801024913788,0.46271708607673645,-0.02715171128511429,0.3402951657772064,0.46710675954818726,-0.0574156753718853,0.3455555737018585,0.5370569229125977,-0.05235152691602707,0.3489941954612732,0.5826137661933899,-0.03775195777416229
M,Right,0.3509947955608368,0.676662802696228,-3.2600831900708727e-07,0.4119614064693451,0.655609130859375,-0.025761054828763008,0.454702228307724,0.5892493724822998,-0.03775519132614136,0.459181547164917,0.5295051336288452,-0.04955615848302841,0.4560122489929199,0.48263344168663025,-0.056695327162742615,0.46006354689598083,0.48151445388793945,-0.011115026660263538,0.4851425588130951,0.4581702947616577,-0.05227159336209297,0.4666800796985626,0.5283206105232239,-0.07641538977622986,0.449239581823349,0.5856809020042419,-0.08402027189731598,0.41646990180015564,0.4587116837501526,-0.011234729550778866,0.4388606548309326,0.43961021304130554,-0.05545952916145325,0.4236646592617035,0.5315821170806885,-0.06563045084476471,0.41338205337524414,0.5980129837989807,-0.058925241231918335,0.3699369728565216,0.4526071846485138,-0.017722466960549355,0.38791248202323914,0.4452010989189148,-0.060042984783649445,0.3804260194301605,0.5398215651512146,-0.054370902478694916,0.37542223930358887,0.6029300093650818,-0.03625655174255371,0.3232693374156952,0.46054983139038086,-0.02646719664335251,0.3400213122367859,0.466888964176178,-0.05593510717153549,0.3448989987373352,0.5362028479576111,-0.050971802324056625,0.3485630452632904,0.581031858921051,-0.03657621145248413
M,Right,0.3509267568588257,0.6766141653060913,-3.2972431540656544e-07,0.4118439853191376,0.6569476127624512,-0.026380755007267,0.4548935890197754,0.590765118598938,-0.038558267056941986,0.459104984998703,0.5307153463363647,-0.0504276417195797,0.45581141114234924,0.4834662675857544,-0.057612039148807526,0.45979201793670654,0.4824465215206146,-0.011788283474743366,0.4852718114852905,0.4579411447048187,-0.052944961935281754,0.4666127562522888,0.5281744599342346,-0.07689867168664932,0.4490946829319,0.585288941860199,-0.08443986624479294,0.41591963171958923,0.46015939116477966,-0.011718186549842358,0.43837153911590576,0.4395161271095276,-0.05616047978401184,0.4232432246208191,0.532234251499176,-0.066258504986763,0.41306009888648987,0.5986153483390808,-0.05952651798725128,0.3693503737449646,0.4542994201183319,-0.018067741766572,0.3876765966415405,0.44427216053009033,-0.060870781540870667,0.38036638498306274,0.5393056273460388,-0.05506462976336479,0.3752618730068207,0.6024945974349976,-0.03682184964418411,0.32269924879074097,0.46241095662117004,-0.026674246415495872,0.33973175287246704,0.46632564067840576,-0.05680425092577934,0.34467244148254395,0.5361443758010864,-0.05184648931026459,0.34812092781066895,0.5815541744232178,-0.037394195795059204
M,Right,0.3499508500099182,0.6759325265884399,-3.336241718443489e-07,0.41132652759552,0.6564840078353882,-0.02654070220887661,0.4551183581352234,0.5910755395889282,-0.03885907679796219,0.46084097027778625,0.5310489535331726,-0.0508577786386013,0.4586383104324341,0.48381540179252625,-0.05817917361855507,0.45989876985549927,0.48224514722824097,-0.01224607229232788,0.48530516028404236,0.4582250714302063,-0.05379723384976387,0.46644091606140137,0.5287065505981445,-0.07795587182044983,0.44877079129219055,0.5858693718910217,-0.0855516716837883,0.41618508100509644,0.45963531732559204,-0.012154633179306984,0.4387291669845581,0.4395332634449005,-0.056937091052532196,0.42314672470092773,0.5320608019828796,-0.06701066344976425,0.4126672148704529,0.5984447598457336,-0.060170978307724,0.369647741317749,0.4536866247653961,-0.018508316949009895,0.3879511058330536,0.4445765018463135,-0.061539195477962494,0.3802398443222046,0.5396548509597778,-0.05556892976164818,0.3749615550041199,0.6029497385025024,-0.037121355533599854,0.3229794502258301,0.46174156665802,-0.027162842452526093,0.33991971611976624,0.4662298858165741,-0.057360321283340454,0.3445298671722412,0.5359854698181152,-0.05233865976333618,0.3478403091430664,0.5812196731567383,-0.03778406232595444
M,Right,0.34983694553375244,0.677584171295166,-3.329949720409786e-07,0.4116140305995941,0.6582278609275818,-0.026443418115377426,0.45491644740104675,0.5911716818809509,-0.03835851699113846,0.4586561918258667,0.5303425788879395,-0.0499735102057457,0.45489591360092163,0.48225826025009155,-0.05688083544373512,0.46054571866989136,0.48325854539871216,-0.011058422736823559,0.48571550846099854,0.45896270871162415,-0.052280690521001816,0.4665430188179016,0.5288757085800171,-0.07628238946199417,0.44854968786239624,0.5859227180480957,-0.08373367041349411,0.41696786880493164,0.46025386452674866,-0.010853052139282227,0.43945541977882385,0.4404842257499695,-0.055262334644794464,0.4232103228569031,0.5326926112174988,-0.06538598239421844,0.41233667731285095,0.5988557934761047,-0.05851735547184944,0.3702608048915863,0.4536469578742981,-0.017158716917037964,0.3882598280906677,0.4444490969181061,-0.05994739383459091,0.37999147176742554,0.5396177768707275,-0.05431276187300682,0.3745231330394745,0.6029407978057861,-0.03608066216111183,0.3232407569885254,0.461205393075943,-0.02574191242456436,0.34001386165618896,0.4662558138370514,-0.05591655522584915,0.3448215126991272,0.536340057849884,-0.0511702336370945,0.348530650138855,0.5816829204559326,-0.03676849603652954
M,Right,0.351254403591156,0.6775870323181152,-3.3143277278213645e-07,0.41200384497642517,0.6577531099319458,-0.026894422248005867,0.4549212157726288,0.5919849872589111,-0.039616961032152176,0.457899272441864,0.5319846868515015,-0.05201635882258415,0.45319750905036926,0.4845108985900879,-0.05965776741504669,0.46131497621536255,0.48258429765701294,-0.012058421969413757,0.4855502247810364,0.45899882912635803,-0.05400969088077545,0.46600210666656494,0.5293809771537781,-0.07850571721792221,0.4479847550392151,0.5866461992263794,-0.0862596333026886,0.4174995720386505,0.4596714973449707,-0.011978261172771454,0.43950915336608887,0.4401608109474182,-0.05724077299237251,0.42314717173576355,0.5328288078308105,-0.06766195595264435,0.4123927652835846,0.5992811918258667,-0.06092016398906708,0.3707181215286255,0.4531903564929962,-0.01844628155231476,0.38855788111686707,0.443962037563324,-0.0620507076382637,0.3804413080215454,0.5395880937576294,-0.05649709701538086,0.3752635717391968,0.6033452749252319,-0.038200926035642624,0.3237573504447937,0.4608035683631897,-0.027209864929318428,0.3401739001274109,0.466197669506073,-0.057917751371860504,0.34495043754577637,0.5365726947784424,-0.05330981686711311,0.3488958775997162,0.5821349024772644,-0.03894953429698944
M,Right,0.350760281085968,0.676405668258667,-3.3577558156139276e-07,0.4113498628139496,0.6580301523208618,-0.02732487954199314,0.45482173562049866,0.593540608882904,-0.04018126800656319,0.46035754680633545,0.5341478586196899,-0.05257832258939743,0.4585687220096588,0.4870198965072632,-0.060153670608997345,0.4609907567501068,0.48322221636772156,-0.013045907951891422,0.48583289980888367,0.458102285861969,-0.05488089844584465,0.4658147990703583,0.528714120388031,-0.07899637520313263,0.44736069440841675,0.5858867168426514,-0.08649123460054398,0.4170506000518799,0.46062546968460083,-0.012670685537159443,0.43906939029693604,0.43907129764556885,-0.057982172816991806,0.4226527810096741,0.5321407914161682,-0.06797031313180923,0.41193681955337524,0.5985344052314758,-0.060874566435813904,0.3702000081539154,0.4544135332107544,-0.018818866461515427,0.3882167637348175,0.4435393214225769,-0.06247539445757866,0.37994152307510376,0.539192795753479,-0.056450117379426956,0.3745764493942261,0.6028266549110413,-0.03779524937272072,0.3233596682548523,0.46218717098236084,-0.027279280126094818,0.3400318920612335,0.46566683053970337,-0.05817949399352074,0.3443068265914917,0.5360370874404907,-0.05336896330118179,0.34778833389282227,0.581851065158844,-0.03879518434405327
M,Right,0.3494727611541748,0.6776577830314636,-3.454956072346249e-07,0.41055524349212646,0.6589833498001099,-0.026721090078353882,0.45315834879875183,0.5932502150535583,-0.03914836794137955,0.4573861360549927,0.5331155061721802,-0.051174890249967575,0.4548647701740265,0.484857439994812,-0.05833124369382858,0.4607120156288147,0.4836539626121521,-0.011995521374046803,0.4850577712059021,0.4584397077560425,-0.053163014352321625,0.4644087255001068,0.5293564796447754,-0.07681679725646973,0.4455333948135376,0.5860746502876282,-0.08407840877771378,0.4170528054237366,0.4606204926967621,-0.011787538416683674,0.4390207827091217,0.438443660736084,-0.05648893117904663,0.4221620559692383,0.5311999917030334,-0.06636267155408859,0.4112100601196289,0.5974046587944031,-0.05920330435037613,0.3701508343219757,0.4537060260772705,-0.018035780638456345,0.3877253234386444,0.4425547420978546,-0.061118774116039276,0.3793698847293854,0.538497805595398,-0.05527521297335625,0.3741312026977539,0.6022934913635254,-0.036840908229351044,0.3232250511646271,0.4611467719078064,-0.026543201878666878,0.33977651596069336,0.4649769067764282,-0.05718405917286873,0.3442919850349426,0.535455584526062,-0.05260848626494408,0.34813061356544495,0.581265389919281,-0.0382542684674263
M,Right,0.3517381548881531,0.6782827377319336,-3.39437633556372e-07,0.4120050370693207,0.6588801145553589,-0.02667367085814476,0.45415282249450684,0.5915325284004211,-0.039407797157764435,0.45571866631507874,0.5309732556343079,-0.05179736390709877,0.45084524154663086,0.48271146416664124,-0.05937448516488075,0.46169134974479675,0.4844585061073303,-0.012776046991348267,0.4848449230194092,0.4569378197193146,-0.05427103489637375,0.46358251571655273,0.5275017023086548,-0.07816196978092194,0.44464734196662903,0.5846062898635864,-0.08567513525485992,0.4172813594341278,0.46263131499290466,-0.012941960245370865,0.4386404752731323,0.43723243474960327,-0.05796351656317711,0.42194750905036926,0.5296837687492371,-0.0680198222398758,0.41161027550697327,0.5957255363464355,-0.061185188591480255,0.3701506555080414,0.45622527599334717,-0.019537707790732384,0.38750919699668884,0.43922722339630127,-0.063149593770504,0.37988370656967163,0.5358346104621887,-0.057111769914627075,0.3753535747528076,0.6001580357551575,-0.03874989226460457,0.3229851722717285,0.4640137553215027,-0.028316156938672066,0.33955585956573486,0.46369078755378723,-0.05979383364319801,0.3445446491241455,0.5351806879043579,-0.05507788062095642,0.34894657135009766,0.5819685459136963,-0.04069673269987106
M,Right,0.3509279787540436,0.6787405014038086,-3.4501729828662064e-07,0.4113752245903015,0.6600560545921326,-0.026698315516114235,0.45427826046943665,0.5908539295196533,-0.038862716406583786,0.4550497829914093,0.5278859734535217,-0.05058720335364342,0.45074552297592163,0.47782817482948303,-0.05738350376486778,0.46095025539398193,0.48639702796936035,-0.01224264595657587,0.4851837456226349,0.45667701959609985,-0.053345128893852234,0.46399667859077454,0.5271278619766235,-0.07672081887722015,0.44499823451042175,0.5841993093490601,-0.08386938273906708,0.4166920781135559,0.4651951193809509,-0.012232376262545586,0.43943339586257935,0.4361044764518738,-0.05696903541684151,0.4224046766757965,0.5283789038658142,-0.06673979014158249,0.4117690324783325,0.5946211218833923,-0.05960151553153992,0.36990606784820557,0.4585689604282379,-0.01866758242249489,0.3887450695037842,0.43762803077697754,-0.06210331991314888,0.38055500388145447,0.5338987708091736,-0.05578969046473503,0.3753642737865448,0.5982624292373657,-0.037187427282333374,0.3228003680706024,0.4656592607498169,-0.027266381308436394,0.3406120240688324,0.46332424879074097,-0.05879756808280945,0.3454098403453827,0.5347380042076111,-0.05401613190770149,0.3492797017097473,0.5815693140029907,-0.03954928368330002
M,Right,0.35113808512687683,0.6789368391036987,-3.5010654642064765e-07,0.4117456078529358,0.6601930260658264,-0.02643071860074997,0.4552958309650421,0.5899085402488708,-0.03832797706127167,0.455617219209671,0.5259550213813782,-0.04984688758850098,0.45015934109687805,0.4751492142677307,-0.056404922157526016,0.4618057310581207,0.48683962225914,-0.012302432209253311,0.4862728714942932,0.45571789145469666,-0.05338479205965996,0.4646991193294525,0.5265399813652039,-0.07661028206348419,0.445475697517395,0.5835443735122681,-0.08363869041204453,0.4171055555343628,0.4661608636379242,-0.012528153136372566,0.43962571024894714,0.4350699782371521,-0.057381100952625275,0.4226873517036438,0.5276679992675781,-0.06701359897851944,0.4120873808860779,0.5939788818359375,-0.05982169881463051,0.3702881336212158,0.4595404863357544,-0.019170593470335007,0.38935062289237976,0.43656125664711,-0.0628328025341034,0.3811410963535309,0.533565104007721,-0.05611853674054146,0.3755505681037903,0.5982011556625366,-0.03723643720149994,0.32323169708251953,0.4661075174808502,-0.027922648936510086,0.34142905473709106,0.4611446261405945,-0.059323180466890335,0.3457438349723816,0.5326713919639587,-0.05391586571931839,0.3487567603588104,0.5795249342918396,-0.039079032838344574
M,Right,0.350798636674881,0.6784604787826538,-3.6091407196181535e-07,0.4117651581764221,0.6592493057250977,-0.025724336504936218,0.4554409086704254,0.5903347730636597,-0.037639133632183075,0.45768702030181885,0.5278365612030029,-0.04940595105290413,0.45440536737442017,0.47830623388290405,-0.05635955557227135,0.4619878828525543,0.4871330261230469,-0.01241927221417427,0.48653295636177063,0.45545557141304016,-0.05332430079579353,0.46456798911094666,0.5263580679893494,-0.07642679661512375,0.44519442319869995,0.5835378766059875,-0.08340969681739807,0.41762036085128784,0.46646687388420105,-0.013070981949567795,0.44076788425445557,0.43396812677383423,-0.05808454006910324,0.4227895438671112,0.5266397595405579,-0.0678294450044632,0.4113967716693878,0.593707799911499,-0.06056766211986542,0.37086254358291626,0.45989590883255005,-0.01996537856757641,0.3897062838077545,0.4352262616157532,-0.06359858810901642,0.3809254467487335,0.5321498513221741,-0.056938230991363525,0.3751353919506073,0.5975661873817444,-0.037976738065481186,0.32370078563690186,0.4666747450828552,-0.02889312244951725,0.341245174407959,0.4599851965904236,-0.06032693758606911,0.3457508087158203,0.5310251712799072,-0.05490618944168091,0.3491898775100708,0.5785335302352905,-0.03997601568698883
M,Right,0.35096463561058044,0.6782100796699524,-3.5677814480550296e-07,0.4112633168697357,0.6584112644195557,-0.025034982711076736,0.4541749954223633,0.5902708768844604,-0.036983028054237366,0.4564131200313568,0.5299120545387268,-0.04897896572947502,0.4525156617164612,0.48201391100883484,-0.0562349371612072,0.462424099445343,0.4854109287261963,-0.011312436312437057,0.48663800954818726,0.45492634177207947,-0.051918454468250275,0.46478304266929626,0.5254631042480469,-0.07520928233861923,0.44504010677337646,0.5823359489440918,-0.08245568722486496,0.41802719235420227,0.46426957845687866,-0.01241141464561224,0.4407579004764557,0.433138370513916,-0.0571911595761776,0.42331427335739136,0.5255926251411438,-0.06737161427736282,0.4117061197757721,0.592613160610199,-0.06050257012248039,0.37115713953971863,0.45776814222335815,-0.019677650183439255,0.3894988000392914,0.43450725078582764,-0.06306492537260056,0.38143715262413025,0.5316274762153625,-0.05684451386332512,0.3757535219192505,0.5969629883766174,-0.03829655423760414,0.3240882456302643,0.4651942551136017,-0.028929278254508972,0.34149518609046936,0.46023422479629517,-0.06028065085411072,0.3459841310977936,0.5314318537712097,-0.05507168546319008,0.34929656982421875,0.5787189602851868,-0.04036201909184456
M,Right,0.3503050208091736,0.6767188310623169,-3.6419342563931423e-07,0.41108423471450806,0.6573147773742676,-0.02440604567527771,0.4543963074684143,0.5900255441665649,-0.03600729629397392,0.45840463042259216,0.5303372144699097,-0.04776807874441147,0.4561925530433655,0.48278623819351196,-0.05489693582057953,0.46248114109039307,0.48499488830566406,-0.01079864613711834,0.486307829618454,0.454621285200119,-0.0510847307741642,0.46439093351364136,0.5245932340621948,-0.07426684349775314,0.4445812702178955,0.5815982222557068,-0.08147145062685013,0.41815459728240967,0.46370577812194824,-0.01207071915268898,0.44046998023986816,0.4317077696323395,-0.05667198449373245,0.4227517545223236,0.5239498615264893,-0.06681694835424423,0.41115623712539673,0.5915191769599915,-0.0598876029253006,0.3712846338748932,0.457068532705307,-0.019414827227592468,0.3892630636692047,0.4330846667289734,-0.06272764503955841,0.3810482919216156,0.5299315452575684,-0.05660411715507507,0.3755112886428833,0.5956658720970154,-0.03806334733963013,0.32418984174728394,0.4643583297729492,-0.028666604310274124,0.3407604396343231,0.458469420671463,-0.06006915494799614,0.345202773809433,0.5293320417404175,-0.05490114167332649,0.3487963378429413,0.5769637227058411,-0.04016510397195816
M,Right,0.3497745096683502,0.676539957523346,-3.587172443531017e-07,0.4102955460548401,0.6574572920799255,-0.024023031815886497,0.4538215696811676,0.5892356634140015,-0.035013921558856964,0.45840078592300415,0.5292492508888245,-0.046193502843379974,0.45739150047302246,0.4820585548877716,-0.052779801189899445,0.46190446615219116,0.4856163263320923,-0.010236939415335655,0.4859326481819153,0.45242807269096375,-0.04974723607301712,0.4638691544532776,0.521406352519989,-0.07223930954933167,0.443702757358551,0.5780689716339111,-0.07903965562582016,0.4177805483341217,0.4645037055015564,-0.011375815607607365,0.4399731755256653,0.4302699565887451,-0.055443551391363144,0.4220581352710724,0.5225592851638794,-0.0654086247086525,0.41029953956604004,0.5900149345397949,-0.05836554616689682,0.37086716294288635,0.45738551020622253,-0.018489062786102295,0.3886173367500305,0.4320225119590759,-0.0613056980073452,0.3802039623260498,0.5286129117012024,-0.0553315244615078,0.3744116425514221,0.5940364003181458,-0.03699339181184769,0.3234013617038727,0.4638347625732422,-0.027441546320915222,0.34015458822250366,0.45826318860054016,-0.05873412638902664,0.34450748562812805,0.5291935205459595,-0.05382850021123886,0.34799298644065857,0.5767993927001953,-0.03930909186601639
M,Right,0.34934481978416443,0.6756743788719177,-3.637541396983579e-07,0.4101834297180176,0.6568157076835632,-0.024487826973199844,0.45439907908439636,0.5897642970085144,-0.03598973900079727,0.4582919478416443,0.5298783183097839,-0.04756029695272446,0.4566534757614136,0.48266589641571045,-0.054482921957969666,0.46199530363082886,0.4846629798412323,-0.011202977038919926,0.4858834445476532,0.45125406980514526,-0.05131789669394493,0.46401381492614746,0.520643949508667,-0.07430814206600189,0.4438537657260895,0.5780050158500671,-0.08136637508869171,0.4175674617290497,0.4636034667491913,-0.01235929224640131,0.43984347581863403,0.4284721612930298,-0.05704069510102272,0.4221806526184082,0.5212832093238831,-0.06730867177248001,0.4103551506996155,0.589365541934967,-0.060369428247213364,0.3708166778087616,0.4566975235939026,-0.019511671736836433,0.38833725452423096,0.43033474683761597,-0.0627337321639061,0.3801851272583008,0.5270515084266663,-0.056779779493808746,0.37439703941345215,0.5927489995956421,-0.03835831955075264,0.323703408241272,0.4634663760662079,-0.028543518856167793,0.3404976725578308,0.4559083580970764,-0.059942811727523804,0.3444901704788208,0.5269454121589661,-0.05481807142496109,0.3474978804588318,0.5748770236968994,-0.04013437032699585
M,Right,0.3494022786617279,0.6740162372589111,-3.579320093649585e-07,0.410061240196228,0.6548418402671814,-0.023523986339569092,0.45325368642807007,0.5878126621246338,-0.03483593091368675,0.4551964998245239,0.5280441641807556,-0.04645178094506264,0.45113858580589294,0.48031869530677795,-0.053462956100702286,0.46165961027145386,0.48434868454933167,-0.01059064269065857,0.4860629141330719,0.44898220896720886,-0.05049672722816467,0.46499407291412354,0.5175374746322632,-0.0733976811170578,0.4450758695602417,0.5751535892486572,-0.08035507798194885,0.41730305552482605,0.4638729989528656,-0.012191626243293285,0.4396493434906006,0.42709511518478394,-0.05659453570842743,0.4222847819328308,0.5198876261711121,-0.06690775603055954,0.41050398349761963,0.5881154537200928,-0.06007794663310051,0.3707936406135559,0.4568760097026825,-0.019705303013324738,0.3886660933494568,0.42847010493278503,-0.06230883300304413,0.3806074261665344,0.5246670842170715,-0.05646762624382973,0.37472885847091675,0.5901898741722107,-0.038326237350702286,0.3238811194896698,0.46321097016334534,-0.029040182009339333,0.34062430262565613,0.4550746977329254,-0.05981142073869705,0.3448692560195923,0.5253159403800964,-0.05467689782381058,0.3480518162250519,0.572787344455719,-0.040188826620578766
M,Right,0.34953054785728455,0.6742206811904907,-3.6187785212860035e-07,0.41024360060691833,0.6544961929321289,-0.02361333929002285,0.45340678095817566,0.5884389877319336,-0.03524259105324745,0.45715072751045227,0.5299643874168396,-0.04732721298933029,0.4553016424179077,0.4839017689228058,-0.05488063022494316,0.4615415036678314,0.48435401916503906,-0.01082633063197136,0.48565155267715454,0.44801896810531616,-0.0508539155125618,0.4643057584762573,0.5168105959892273,-0.0737876147031784,0.4444986879825592,0.5742120742797852,-0.08076202869415283,0.41772669553756714,0.4640265703201294,-0.01247541606426239,0.4403679668903351,0.42692869901657104,-0.056987181305885315,0.42251306772232056,0.519202709197998,-0.06725376844406128,0.4104309380054474,0.5866294503211975,-0.060464538633823395,0.3714456856250763,0.45695048570632935,-0.020058022812008858,0.3897804617881775,0.42674684524536133,-0.06290889531373978,0.38091278076171875,0.5231033563613892,-0.05685947835445404,0.37428560853004456,0.588943362236023,-0.03854454681277275,0.3245329260826111,0.4631948173046112,-0.029463639482855797,0.3413647711277008,0.45292946696281433,-0.06040322408080101,0.3450157344341278,0.5233898758888245,-0.055095408111810684,0.34755101799964905,0.5715970396995544,-0.040442854166030884
M,Right,0.3495052754878998,0.6734545826911926,-3.640425916273671e-07,0.41042664647102356,0.6542989015579224,-0.022880714386701584,0.4548072814941406,0.5891785025596619,-0.03412458673119545,0.45887434482574463,0.5312788486480713,-0.04604213312268257,0.4569634795188904,0.4852049648761749,-0.05354056879878044,0.4622545838356018,0.4850025177001953,-0.009950957261025906,0.4867778420448303,0.44696474075317383,-0.049608949571847916,0.46580561995506287,0.5148775577545166,-0.07233690470457077,0.4462920129299164,0.5724923014640808,-0.07913387566804886,0.41862648725509644,0.4651334285736084,-0.011995545588433743,0.44199416041374207,0.4260501563549042,-0.05615948513150215,0.42402294278144836,0.5179407000541687,-0.06648348271846771,0.41169723868370056,0.5858525633811951,-0.05970975384116173,0.3725998103618622,0.4582921862602234,-0.019890833646059036,0.39182183146476746,0.4256844222545624,-0.06257550418376923,0.3824146091938019,0.5221861004829407,-0.056474823504686356,0.37531596422195435,0.5886328220367432,-0.038047078996896744,0.32568907737731934,0.46470460295677185,-0.0295376256108284,0.3426392078399658,0.45160380005836487,-0.060414496809244156,0.34615597128868103,0.5216869115829468,-0.05482713133096695,0.34852972626686096,0.5705165863037109,-0.039897724986076355
M,Right,0.3496246635913849,0.6718726754188538,-3.609861778386403e-07,0.41245588660240173,0.6528881788253784,-0.021502425894141197,0.45725443959236145,0.587774395942688,-0.03163149952888489,0.46306130290031433,0.5301186442375183,-0.042826201766729355,0.46207860112190247,0.4837723970413208,-0.04969733953475952,0.4640991985797882,0.48542940616607666,-0.007517857011407614,0.48869267106056213,0.4475640058517456,-0.046146735548973083,0.46786606311798096,0.5145724415779114,-0.06834378093481064,0.4482453763484955,0.5713839530944824,-0.07489960640668869,0.4212070405483246,0.4650833010673523,-0.009832381270825863,0.44425147771835327,0.42665693163871765,-0.05275336652994156,0.42638450860977173,0.5170933604240417,-0.06291455775499344,0.4141562581062317,0.5838791728019714,-0.056296300143003464,0.3753198981285095,0.4575362205505371,-0.01793425716459751,0.39454928040504456,0.4259573221206665,-0.059524379670619965,0.38509875535964966,0.5211631059646606,-0.05364839732646942,0.37798216938972473,0.5865194797515869,-0.03563051298260689,0.3282930254936218,0.462992399930954,-0.02772287279367447,0.3453179597854614,0.45185285806655884,-0.057737354189157486,0.34891656041145325,0.520665168762207,-0.05233044549822807,0.3513645529747009,0.5684229731559753,-0.03772571682929993
M,Right,0.35104987025260925,0.6706571578979492,-3.544490141393908e-07,0.41476377844810486,0.6525103449821472,-0.021728768944740295,0.46016451716423035,0.5875422358512878,-0.03170578554272652,0.46428075432777405,0.5291710495948792,-0.04265107586979866,0.46196475625038147,0.48221662640571594,-0.04913982003927231,0.4669812321662903,0.48641279339790344,-0.00706117507070303,0.49217912554740906,0.447590708732605,-0.04571954533457756,0.47031643986701965,0.5144023299217224,-0.06780277192592621,0.4499073028564453,0.5713343620300293,-0.07420794665813446,0.42404401302337646,0.4659433960914612,-0.009238988161087036,0.4475507140159607,0.4252142012119293,-0.05226745083928108,0.4292348325252533,0.5153457522392273,-0.0625036284327507,0.4168965220451355,0.5822175741195679,-0.055803149938583374,0.3781820833683014,0.45777425169944763,-0.017308365553617477,0.39761272072792053,0.4243320822715759,-0.058936916291713715,0.3884935677051544,0.5192268490791321,-0.05321384221315384,0.3817639648914337,0.5844063758850098,-0.03524445369839668,0.330913782119751,0.4624355137348175,-0.027079083025455475,0.34860822558403015,0.4499087929725647,-0.05697830393910408,0.35203537344932556,0.5184725522994995,-0.051625438034534454,0.3542340397834778,0.5659646391868591,-0.03712141886353493
M,Right,0.3513850271701813,0.6679530143737793,-3.5647349250211846e-07,0.416208416223526,0.6505762338638306,-0.020414436236023903,0.4616190493106842,0.5869281888008118,-0.030037572607398033,0.46509042382240295,0.5277875065803528,-0.04093160480260849,0.46177446842193604,0.4804311692714691,-0.047556303441524506,0.4686262309551239,0.4877362847328186,-0.006313889287412167,0.49410662055015564,0.4457356333732605,-0.04429280757904053,0.4719858765602112,0.5113242268562317,-0.06590210646390915,0.45139873027801514,0.5680027604103088,-0.07213874906301498,0.42566367983818054,0.46792030334472656,-0.009162592701613903,0.4502209424972534,0.4235464632511139,-0.051693856716156006,0.43115144968032837,0.512816846370697,-0.061925072222948074,0.4181405007839203,0.5800778269767761,-0.05534819886088371,0.37995484471321106,0.4596761465072632,-0.017701530829072,0.40035495162010193,0.42197656631469727,-0.05905921384692192,0.39052456617355347,0.5158441066741943,-0.053358063101768494,0.38319000601768494,0.5811612606048584,-0.035481564700603485,0.33250653743743896,0.4642183780670166,-0.027751870453357697,0.3507479429244995,0.447287380695343,-0.057707883417606354,0.3537050187587738,0.5157155990600586,-0.05214439705014229,0.3554110527038574,0.5645198225975037,-0.037532202899456024
M,Right,0.3521988093852997,0.6649166345596313,-3.3738231763891235e-07,0.4171132743358612,0.6466829776763916,-0.021532520651817322,0.46260929107666016,0.5819341540336609,-0.03207043185830116,0.4622819423675537,0.5219120383262634,-0.04357172176241875,0.45729881525039673,0.47521260380744934,-0.05065977945923805,0.46968406438827515,0.48472216725349426,-0.007756353355944157,0.49468252062797546,0.44322046637535095,-0.04697488993406296,0.472301185131073,0.5096973776817322,-0.06946075707674026,0.45152774453163147,0.5672340989112854,-0.07617589086294174,0.42595821619033813,0.46494922041893005,-0.010358252562582493,0.4508616626262665,0.420310378074646,-0.054485272616147995,0.4313778877258301,0.5105639696121216,-0.06538926810026169,0.4183359742164612,0.5785961151123047,-0.058977480977773666,0.3801567852497101,0.45661666989326477,-0.018785351887345314,0.4017309844493866,0.4178595542907715,-0.06139902025461197,0.39141175150871277,0.5116021037101746,-0.05616961419582367,0.3838355541229248,0.5766449570655823,-0.03839387744665146,0.3325291872024536,0.461197167634964,-0.028763042762875557,0.3523130714893341,0.4451986253261566,-0.05978439003229141,0.354534387588501,0.5145212411880493,-0.05472523719072342,0.3557266294956207,0.5632447004318237,-0.040361419320106506
M,Right,0.3520398437976837,0.6629345417022705,-3.4815582239389187e-07,0.4177582561969757,0.6448565721511841,-0.021062038838863373,0.4631623923778534,0.5822911262512207,-0.03153657168149948,0.46474891901016235,0.5239513516426086,-0.043163154274225235,0.4602339565753937,0.47755080461502075,-0.05051036551594734,0.47044965624809265,0.4814148247241974,-0.006695780903100967,0.4947968125343323,0.44223225116729736,-0.04580064117908478,0.4722289443016052,0.5086244940757751,-0.06861041486263275,0.45159658789634705,0.565692126750946,-0.07569233328104019,0.42691347002983093,0.46123164892196655,-0.009768038056790829,0.4515931010246277,0.4189910590648651,-0.05397387221455574,0.4318092465400696,0.5093930959701538,-0.06524822115898132,0.4183759093284607,0.5774018168449402,-0.05908247455954552,0.38102012872695923,0.45321545004844666,-0.0186617374420166,0.4022858440876007,0.4178016781806946,-0.061322007328271866,0.39181777834892273,0.5114964842796326,-0.05627409741282463,0.3840174674987793,0.5761474967002869,-0.038589950650930405,0.3335558772087097,0.45864325761795044,-0.029102273285388947,0.35270386934280396,0.4436925947666168,-0.059886060655117035,0.35451802611351013,0.512501060962677,-0.05465516820549965,0.3555799722671509,0.5604720115661621,-0.040214475244283676
M,Right,0.3524773120880127,0.6613582968711853,-3.393517147287639e-07,0.4173266887664795,0.6438726186752319,-0.021339690312743187,0.46229350566864014,0.5819716453552246,-0.03223877027630806,0.4641125798225403,0.5248093008995056,-0.04425019025802612,0.46057748794555664,0.4790847599506378,-0.051988836377859116,0.4705195128917694,0.4812547564506531,-0.0075517515651881695,0.49482089281082153,0.440520703792572,-0.04702742397785187,0.4732164144515991,0.5067940950393677,-0.07014375925064087,0.452919602394104,0.5642592906951904,-0.07732230424880981,0.426868736743927,0.461264967918396,-0.010467241518199444,0.4513980746269226,0.41824305057525635,-0.05472790449857712,0.4317956268787384,0.508892834186554,-0.06611067056655884,0.41840991377830505,0.5764666199684143,-0.06014278903603554,0.38095906376838684,0.453169584274292,-0.019219819456338882,0.40253791213035583,0.4153919816017151,-0.06165676563978195,0.39195337891578674,0.5081337690353394,-0.056668464094400406,0.38385358452796936,0.5722107887268066,-0.039193715900182724,0.3334025740623474,0.45834752917289734,-0.02954961732029915,0.35228902101516724,0.4418308436870575,-0.06023673340678215,0.3542020320892334,0.5104302763938904,-0.05505676567554474,0.35518044233322144,0.5585556030273438,-0.04072204977273941
M,Right,0.3516252636909485,0.6613211631774902,-3.4393454484415997e-07,0.4169716238975525,0.6436309814453125,-0.020972484722733498,0.46189773082733154,0.5816621780395508,-0.03168175742030144,0.46397125720977783,0.5246350765228271,-0.04361829161643982,0.45992785692214966,0.4797382652759552,-0.051326215267181396,0.47024106979370117,0.4810594320297241,-0.006646863184869289,0.49457234144210815,0.44010308384895325,-0.045989569276571274,0.4730849266052246,0.5063740611076355,-0.06921619176864624,0.4528014361858368,0.5641759634017944,-0.07642717659473419,0.4267282485961914,0.4612463116645813,-0.009677167981863022,0.4511919915676117,0.41854989528656006,-0.053517792373895645,0.4316045939922333,0.5085437893867493,-0.06500869244337082,0.41808074712753296,0.5759915113449097,-0.05919070169329643,0.38087353110313416,0.4531335234642029,-0.01857500895857811,0.40243953466415405,0.41406941413879395,-0.060737453401088715,0.3918563723564148,0.5063233375549316,-0.056088775396347046,0.3836267292499542,0.5706760883331299,-0.0389019250869751,0.33341899514198303,0.45846593379974365,-0.029026541858911514,0.35219675302505493,0.4414321780204773,-0.05983169004321098,0.35404568910598755,0.5101293921470642,-0.054952289909124374,0.3548535406589508,0.5587901473045349,-0.04079650714993477
M,Right,0.3507607579231262,0.6622825264930725,-3.4569109175208723e-07,0.4157734811306,0.6446943879127502,-0.021890444681048393,0.4612900912761688,0.5829975605010986,-0.03305118903517723,0.46301373839378357,0.5252417922019958,-0.045300766825675964,0.45863738656044006,0.4792526662349701,-0.05323408171534538,0.47020259499549866,0.48177680373191833,-0.007400172296911478,0.49420684576034546,0.43976807594299316,-0.04731854423880577,0.472526878118515,0.5062496066093445,-0.07084411382675171,0.4523717761039734,0.5640194416046143,-0.07818928360939026,0.42649033665657043,0.46189624071121216,-0.010121257975697517,0.4507817029953003,0.41886603832244873,-0.054648980498313904,0.4309696853160858,0.5089883804321289,-0.06640302389860153,0.417527437210083,0.5762232542037964,-0.060657236725091934,0.38074415922164917,0.45353055000305176,-0.018835073336958885,0.4021132290363312,0.41362857818603516,-0.061549779027700424,0.39117196202278137,0.5059455633163452,-0.05701615288853645,0.3829096555709839,0.5703338384628296,-0.03981522470712662,0.3334788382053375,0.4585951268672943,-0.02919124998152256,0.3518429696559906,0.44088321924209595,-0.060463324189186096,0.3533339500427246,0.5097475647926331,-0.055820539593696594,0.3541208505630493,0.5585768222808838,-0.04173966124653816
M,Right,0.3513820767402649,0.6629785299301147,-3.451055192726926e-07,0.41578635573387146,0.6448429226875305,-0.021371861919760704,0.46056315302848816,0.5835422873497009,-0.032359398901462555,0.46216005086898804,0.5262983441352844,-0.04459427669644356,0.45792344212532043,0.4802487790584564,-0.05258938670158386,0.4701436161994934,0.48274919390678406,-0.006751767359673977,0.49317771196365356,0.43928614258766174,-0.04621434584259987,0.4722306430339813,0.5051908493041992,-0.06953844428062439,0.45282578468322754,0.5631613731384277,-0.0768173560500145,0.4262863099575043,0.4630221128463745,-0.009647366590797901,0.4499109387397766,0.4187450408935547,-0.053765177726745605,0.430157333612442,0.5087597370147705,-0.0654231384396553,0.41701361536979675,0.5758970379829407,-0.05969339236617088,0.3804764151573181,0.4546664357185364,-0.018472280353307724,0.40127313137054443,0.41334983706474304,-0.061011869460344315,0.39015746116638184,0.50547856092453,-0.056554850190877914,0.3820510506629944,0.5699335932731628,-0.03945351764559746,0.3330739140510559,0.4596995413303375,-0.028882179409265518,0.3509048819541931,0.44094300270080566,-0.06031794473528862,0.35219892859458923,0.5100252628326416,-0.05572634935379028,0.353045791387558,0.5594350099563599,-0.041650645434856415
M,Right,0.35099563002586365,0.6631515026092529,-3.489603557227383e-07,0.4157061278820038,0.6452475190162659,-0.02151288278400898,0.46114152669906616,0.5832931399345398,-0.03238120302557945,0.4633209705352783,0.5261300802230835,-0.04444864019751549,0.45947349071502686,0.4805496633052826,-0.05224234238266945,0.4700816869735718,0.48259612917900085,-0.006844530813395977,0.49313127994537354,0.4395502805709839,-0.04626062884926796,0.47174832224845886,0.5059799551963806,-0.06953790783882141,0.45220816135406494,0.563953161239624,-0.07681382447481155,0.4261372983455658,0.4628617763519287,-0.009610732086002827,0.44967275857925415,0.4195670783519745,-0.05366527661681175,0.42990103363990784,0.5094867944717407,-0.06522443890571594,0.4168298542499542,0.5764676928520203,-0.0594843290746212,0.3802067041397095,0.4545576572418213,-0.018313730135560036,0.40114688873291016,0.4134449362754822,-0.06075236201286316,0.38993972539901733,0.5058228373527527,-0.05606989935040474,0.38174504041671753,0.5704546570777893,-0.03889555484056473,0.3327980041503906,0.45964425802230835,-0.028634341433644295,0.350890189409256,0.4417360723018646,-0.060072556138038635,0.3519638180732727,0.5110324621200562,-0.0554548054933548,0.35258719325065613,0.5602797865867615,-0.04137476161122322
M,Right,0.351161926984787,0.6658403873443604,-3.4986118180313497e-07,0.4164358377456665,0.6461695432662964,-0.021395090967416763,0.4613090455532074,0.5820057392120361,-0.03209133818745613,0.4630073308944702,0.5239946842193604,-0.04401874542236328,0.45858386158943176,0.4786985218524933,-0.051694877445697784,0.4699098765850067,0.48409897089004517,-0.0066288230009377,0.4928562641143799,0.43993866443634033,-0.04604548215866089,0.47143226861953735,0.5065667033195496,-0.06916728615760803,0.4519858658313751,0.5646487474441528,-0.0762707069516182,0.42574000358581543,0.4647115468978882,-0.009386864490807056,0.44905754923820496,0.42037418484687805,-0.05353717878460884,0.4291533827781677,0.5107064843177795,-0.06491958349943161,0.4163855016231537,0.5774161219596863,-0.05896414443850517,0.379585862159729,0.4566262662410736,-0.01809629425406456,0.40029436349868774,0.4143821597099304,-0.06082531809806824,0.38890889286994934,0.5070942640304565,-0.055974673479795456,0.3808346390724182,0.5716565847396851,-0.03852257505059242,0.3319149613380432,0.46172767877578735,-0.02836783230304718,0.35009509325027466,0.44177156686782837,-0.059936366975307465,0.35119470953941345,0.5115969777107239,-0.055026065558195114,0.3519457280635834,0.5612516403198242,-0.040648166090250015
M,Right,0.3506143093109131,0.664883553981781,-3.518485129916371e-07,0.4164781868457794,0.6450951099395752,-0.02186599001288414,0.4606363773345947,0.5817338824272156,-0.03315120190382004,0.46063289046287537,0.523908257484436,-0.045585691928863525,0.4549155831336975,0.47908174991607666,-0.053768131881952286,0.46979671716690063,0.4834054112434387,-0.007454537786543369,0.49272364377975464,0.4402772784233093,-0.047139450907707214,0.47104403376579285,0.5074535608291626,-0.07053963840007782,0.45171576738357544,0.5657756924629211,-0.07795210182666779,0.4252203106880188,0.46416810154914856,-0.01022585853934288,0.4486061930656433,0.4206015467643738,-0.054780635982751846,0.428635835647583,0.5113828778266907,-0.0663987472653389,0.41597846150398254,0.57867830991745,-0.06063767150044441,0.37890520691871643,0.4564897418022156,-0.018957039341330528,0.3996676802635193,0.41524189710617065,-0.062025949358940125,0.3884047269821167,0.5080257654190063,-0.057294778525829315,0.38040241599082947,0.5727502703666687,-0.03992224857211113,0.33122020959854126,0.4620811343193054,-0.029285261407494545,0.34928297996520996,0.4423120617866516,-0.06098269298672676,0.3502017557621002,0.5123589634895325,-0.05600748211145401,0.3507820963859558,0.5621646046638489,-0.04163023829460144
M,Right,0.3492123782634735,0.6670593023300171,-3.5963779509984306e-07,0.415096640586853,0.647673487663269,-0.021749256178736687,0.4608957767486572,0.5826894044876099,-0.03223497420549393,0.46115565299987793,0.5231197476387024,-0.04373098537325859,0.45536962151527405,0.47711798548698425,-0.05083102360367775,0.46909406781196594,0.484377920627594,-0.006728119682520628,0.49278223514556885,0.44071945548057556,-0.04584968835115433,0.4703509211540222,0.5082700848579407,-0.06857708841562271,0.45048901438713074,0.566238522529602,-0.07553738355636597,0.4247972369194031,0.46498730778694153,-0.0092764962464571,0.44836264848709106,0.42076435685157776,-0.05330666899681091,0.42820581793785095,0.5115739107131958,-0.06446745991706848,0.41547101736068726,0.5783668756484985,-0.058344896882772446,0.3785582184791565,0.45708900690078735,-0.017782161012291908,0.3988732099533081,0.416032612323761,-0.06054786965250969,0.38764989376068115,0.5092923641204834,-0.0555402934551239,0.3796864449977875,0.5735751390457153,-0.037970881909132004,0.3305918276309967,0.46233290433883667,-0.0278521366417408,0.34905368089675903,0.4430995583534241,-0.059408798813819885,0.3500007092952728,0.51357102394104,-0.0543280690908432,0.3504958748817444,0.5628578662872314,-0.03983738273382187
M,Right,0.34905603528022766,0.6658580303192139,-3.559283356935339e-07,0.4148520231246948,0.6470297574996948,-0.022209620103240013,0.45981234312057495,0.5838252305984497,-0.03339938074350357,0.4595045745372772,0.5248295068740845,-0.04559900239109993,0.45369142293930054,0.47838976979255676,-0.053401507437229156,0.46890121698379517,0.4845897853374481,-0.007751891389489174,0.49217453598976135,0.4408063292503357,-0.04755874350667,0.4705560505390167,0.5083614587783813,-0.07076474279165268,0.45132070779800415,0.5669410228729248,-0.07800456881523132,0.4240652024745941,0.46488291025161743,-0.010312499478459358,0.44778910279273987,0.42081785202026367,-0.05496399477124214,0.4276832938194275,0.5123080015182495,-0.06626220792531967,0.41514310240745544,0.579205334186554,-0.06022925302386284,0.3776593506336212,0.45705750584602356,-0.018885869532823563,0.39831212162971497,0.4160488247871399,-0.062063805758953094,0.3871459364891052,0.5088582038879395,-0.057096172124147415,0.379412978887558,0.572727382183075,-0.039541225880384445,0.3297913670539856,0.46252548694610596,-0.029082251712679863,0.3481057286262512,0.4430888891220093,-0.06079778075218201,0.349080890417099,0.5132501125335693,-0.05573807656764984,0.3497318625450134,0.5624818801879883,-0.041288021951913834
M,Right,0.3476102352142334,0.6667346954345703,-3.5784859164778027e-07,0.41279780864715576,0.6485761404037476,-0.022257564589381218,0.458257794380188,0.5851539373397827,-0.03323506563901901,0.45855310559272766,0.5253034234046936,-0.04519660770893097,0.4529218077659607,0.4778149127960205,-0.05276480317115784,0.4679030179977417,0.48440974950790405,-0.0069365352392196655,0.4915590286254883,0.4409812092781067,-0.04648832976818085,0.470153272151947,0.5075721144676208,-0.0697065144777298,0.45056280493736267,0.5658686757087708,-0.07692550122737885,0.4236714541912079,0.46442991495132446,-0.0093257250264287,0.44714176654815674,0.42188695073127747,-0.05351297929883003,0.4271051585674286,0.512625515460968,-0.06490117311477661,0.4142162501811981,0.5791962742805481,-0.058978721499443054,0.37761420011520386,0.45631036162376404,-0.01776873879134655,0.3981870114803314,0.4168888032436371,-0.06062543764710426,0.38662707805633545,0.5096609592437744,-0.05578054115176201,0.3783605098724365,0.5734370946884155,-0.03835109993815422,0.32998207211494446,0.46162331104278564,-0.027851225808262825,0.3482549786567688,0.44389408826828003,-0.05943452566862106,0.3490056097507477,0.5138574838638306,-0.05449720099568367,0.3493061661720276,0.5625619888305664,-0.040098849684000015
M,Right,0.3482148051261902,0.665502667427063,-3.468568650077941e-07,0.4136151075363159,0.646785318851471,-0.02221980132162571,0.4581146538257599,0.5838063359260559,-0.03352676331996918,0.4576534330844879,0.5247896313667297,-0.04589102789759636,0.45174917578697205,0.4778067171573639,-0.05387590453028679,0.4680972695350647,0.4827773869037628,-0.007211137562990189,0.49074363708496094,0.44055190682411194,-0.04702245071530342,0.4694133996963501,0.5073356628417969,-0.07044395059347153,0.45022621750831604,0.5657175779342651,-0.07784099876880646,0.4232712984085083,0.4625808894634247,-0.009784589521586895,0.4464944303035736,0.42056936025619507,-0.05439362674951553,0.4267312288284302,0.5117791891098022,-0.06594803929328918,0.4142940044403076,0.5787222385406494,-0.06008737534284592,0.3766947388648987,0.4544115960597992,-0.018407603725790977,0.3973698914051056,0.4164125323295593,-0.061567340046167374,0.38647353649139404,0.5094778537750244,-0.05699188634753227,0.3789149522781372,0.5733145475387573,-0.03970649093389511,0.32879459857940674,0.4597882032394409,-0.028674304485321045,0.3472556173801422,0.4439120292663574,-0.060324281454086304,0.3483697474002838,0.513661801815033,-0.0556686595082283,0.34922876954078674,0.5618515610694885,-0.041534535586833954
M,Right,0.3479514718055725,0.6643491387367249,-3.546059588188655e-07,0.4129895865917206,0.6467927694320679,-0.02266143448650837,0.4584675133228302,0.5843494534492493,-0.03402586281299591,0.45953330397605896,0.5256502628326416,-0.046293456107378006,0.45517435669898987,0.4787876009941101,-0.05409112572669983,0.46771061420440674,0.4813319742679596,-0.007406534161418676,0.4910660684108734,0.4410252273082733,-0.0473112016916275,0.4689748287200928,0.508026123046875,-0.07092750072479248,0.44895491003990173,0.5661454200744629,-0.07850424945354462,0.4231347143650055,0.4609455168247223,-0.009768547490239143,0.44605007767677307,0.42099037766456604,-0.05437759310007095,0.42663082480430603,0.5121638178825378,-0.06607116013765335,0.4141315221786499,0.579075276851654,-0.06039376184344292,0.3767906427383423,0.4528883099555969,-0.01822405867278576,0.3972613215446472,0.4157325029373169,-0.06138700246810913,0.38679927587509155,0.509211540222168,-0.05667627602815628,0.3792651295661926,0.5732693076133728,-0.039403874427080154,0.3291610777378082,0.45856720209121704,-0.028388570994138718,0.3476272225379944,0.44374093413352966,-0.06040048971772194,0.3487306237220764,0.5140037536621094,-0.05587427690625191,0.34943827986717224,0.5622024536132812,-0.04178931191563606
M,Right,0.3481016755104065,0.6659755110740662,-3.590300252653833e-07,0.4130108952522278,0.6475631594657898,-0.022426748648285866,0.4584498405456543,0.5835900902748108,-0.033305685967206955,0.46005570888519287,0.5237793922424316,-0.045093245804309845,0.45638829469680786,0.4762265980243683,-0.052437301725149155,0.46728819608688354,0.48167937994003296,-0.006692448165267706,0.4905017614364624,0.4415220320224762,-0.04641135409474373,0.4684719145298004,0.5084178447723389,-0.069834403693676,0.4484509229660034,0.5661101341247559,-0.0772177204489708,0.42310670018196106,0.461469441652298,-0.008977492339909077,0.44586479663848877,0.4209214746952057,-0.05343712121248245,0.4261563718318939,0.5120812654495239,-0.06492207944393158,0.41330087184906006,0.5789834856987,-0.05900753289461136,0.37701931595802307,0.453390508890152,-0.017375631257891655,0.39687252044677734,0.41636064648628235,-0.06055580824613571,0.38596802949905396,0.5097824931144714,-0.05578190088272095,0.37804287672042847,0.573983371257782,-0.0383165217936039,0.32951921224594116,0.45872706174850464,-0.027444234117865562,0.3473370671272278,0.4429319202899933,-0.05939092859625816,0.34819042682647705,0.513090968132019,-0.054779402911663055,0.3486511707305908,0.5617007613182068,-0.04055154323577881
M,Right,0.3480544090270996,0.6653020977973938,-3.5667682141138357e-07,0.4133260250091553,0.6466948986053467,-0.02158597856760025,0.45781975984573364,0.5837475061416626,-0.0322323702275753,0.4594542980194092,0.525343120098114,-0.04393273964524269,0.45589926838874817,0.47818416357040405,-0.05132777616381645,0.4666830897331238,0.4810536801815033,-0.00636671157553792,0.4898810386657715,0.44188952445983887,-0.045662831515073776,0.4684302806854248,0.5081291794776917,-0.06896255910396576,0.4485476613044739,0.5657293200492859,-0.07638120651245117,0.4228193759918213,0.4605365991592407,-0.00903631653636694,0.44611892104148865,0.42042502760887146,-0.05319981649518013,0.4263327717781067,0.5112990140914917,-0.0647042840719223,0.41302353143692017,0.5786291360855103,-0.058818455785512924,0.37680885195732117,0.45253509283065796,-0.017664216458797455,0.39660775661468506,0.4170462489128113,-0.06028911471366882,0.3858846426010132,0.5097962617874146,-0.05566519498825073,0.3780822157859802,0.5737496018409729,-0.03840300440788269,0.32939037680625916,0.4583680033683777,-0.027912605553865433,0.3467806279659271,0.44318556785583496,-0.05927912890911102,0.34800201654434204,0.5126124620437622,-0.05462091416120529,0.3488974869251251,0.5609771609306335,-0.04047729820013046
M,Right,0.34800848364830017,0.6643118858337402,-3.554051204446296e-07,0.41231769323349,0.6471558809280396,-0.022046532481908798,0.4573420286178589,0.5856896638870239,-0.03304259106516838,0.4615911543369293,0.5289297103881836,-0.04498699679970741,0.459270179271698,0.4827735722064972,-0.05252673104405403,0.46640822291374207,0.4808301329612732,-0.007428695913404226,0.49037879705429077,0.44217050075531006,-0.04696490988135338,0.46847936511039734,0.5088183879852295,-0.07012095302343369,0.44823336601257324,0.5660269856452942,-0.07735491544008255,0.4228951036930084,0.459951788187027,-0.009918369352817535,0.4460567831993103,0.4204251170158386,-0.05433662608265877,0.4263114929199219,0.5116646885871887,-0.06559048593044281,0.4132515788078308,0.578995943069458,-0.059389207512140274,0.37690430879592896,0.4515552818775177,-0.018361087888479233,0.39624258875846863,0.41896653175354004,-0.06123802065849304,0.3854309618473053,0.5123907923698425,-0.05644701048731804,0.3778313100337982,0.576337993144989,-0.03890557959675789,0.3296815752983093,0.4567040801048279,-0.028463417664170265,0.34648898243904114,0.44392868876457214,-0.059819627553224564,0.3475448787212372,0.5136239528656006,-0.055101484060287476,0.3485680818557739,0.561768114566803,-0.040823183953762054
M,Right,0.3475772738456726,0.6644784808158875,-3.49015607525871e-07,0.41242581605911255,0.6461881399154663,-0.02275405451655388,0.45756441354751587,0.5812072157859802,-0.03355592489242554,0.45915430784225464,0.5217111706733704,-0.045135822147130966,0.4542715847492218,0.47467249631881714,-0.052224524319171906,0.4657132029533386,0.47812193632125854,-0.007120440248399973,0.489423543214798,0.4420684576034546,-0.04632534086704254,0.4671861231327057,0.5090779066085815,-0.06931329518556595,0.4470048248767853,0.5656315684318542,-0.07665755599737167,0.4219842255115509,0.45699554681777954,-0.00908416137099266,0.4450511634349823,0.4228057265281677,-0.05327223986387253,0.4258507490158081,0.5139563679695129,-0.06449859589338303,0.4130347669124603,0.5803735852241516,-0.05850214883685112,0.3757932186126709,0.4484971761703491,-0.01712026819586754,0.3951507806777954,0.4204200506210327,-0.06015707179903984,0.3848416209220886,0.5146599411964417,-0.05574748292565346,0.37744972109794617,0.5787679553031921,-0.03856876119971275,0.3285977840423584,0.45361822843551636,-0.026891667395830154,0.34648793935775757,0.44753238558769226,-0.05874506011605263,0.34834444522857666,0.5177971720695496,-0.05501089245080948,0.34970593452453613,0.5650457143783569,-0.04146798327565193
M,Right,0.34890568256378174,0.6647822856903076,-3.4305170970583276e-07,0.41303902864456177,0.646098256111145,-0.02346673607826233,0.4570571184158325,0.5825930833816528,-0.035056646913290024,0.46012935042381287,0.5254034996032715,-0.04726509377360344,0.4557029604911804,0.4809982478618622,-0.05486256256699562,0.4662296772003174,0.4771520495414734,-0.008800243027508259,0.4894179701805115,0.442443311214447,-0.048533715307712555,0.4671197235584259,0.5111334323883057,-0.07183366268873215,0.44662612676620483,0.5683119297027588,-0.07932811975479126,0.4225207269191742,0.4555725157260895,-0.010529463179409504,0.44435906410217285,0.4232161045074463,-0.05506553500890732,0.42616280913352966,0.5147437453269958,-0.06630700081586838,0.4139890670776367,0.5811750292778015,-0.060311950743198395,0.37619519233703613,0.44704172015190125,-0.0183339212089777,0.3943764269351959,0.4227975010871887,-0.06122737377882004,0.3846534490585327,0.5169732570648193,-0.05668048933148384,0.37768393754959106,0.5804604291915894,-0.039471376687288284,0.3291763961315155,0.45207634568214417,-0.028007404878735542,0.34621280431747437,0.44920623302459717,-0.05919508635997772,0.3476738929748535,0.519230842590332,-0.055241938680410385,0.34899765253067017,0.5655817985534668,-0.04164431616663933
M,Right,0.34876230359077454,0.6667858362197876,-3.42612196391201e-07,0.41239064931869507,0.6472948789596558,-0.025175370275974274,0.4562198519706726,0.5828239917755127,-0.037519700825214386,0.45592373609542847,0.5229588747024536,-0.04997067153453827,0.4471387565135956,0.4762936234474182,-0.05763055011630058,0.46631181240081787,0.4770281910896301,-0.010633726604282856,0.4886728823184967,0.4429370164871216,-0.05079858377575874,0.4663635492324829,0.5123074054718018,-0.07428890466690063,0.44615527987480164,0.5696427822113037,-0.08193086832761765,0.4222457706928253,0.4547329545021057,-0.011416136287152767,0.44313400983810425,0.4254947006702423,-0.05621900036931038,0.42495033144950867,0.5178267359733582,-0.0673002302646637,0.41300663352012634,0.5838464498519897,-0.06127726659178734,0.3758165240287781,0.4458586275577545,-0.01843518391251564,0.3928094208240509,0.4254031181335449,-0.061279527842998505,0.38299205899238586,0.5199096202850342,-0.0566655658185482,0.37633323669433594,0.5829775929450989,-0.03956519067287445,0.32877838611602783,0.4508957266807556,-0.027518289163708687,0.34534451365470886,0.4518681764602661,-0.05856223404407501,0.3472687900066376,0.5220517516136169,-0.05494537949562073,0.34936290979385376,0.5674781799316406,-0.041684262454509735
M,Right,0.349336713552475,0.6688041687011719,-3.479373162917909e-07,0.4135403335094452,0.6469790935516357,-0.02496834471821785,0.45671531558036804,0.5817171335220337,-0.03734881430864334,0.4576849341392517,0.5215750932693481,-0.04987148195505142,0.45040082931518555,0.47556769847869873,-0.05764603242278099,0.46557462215423584,0.47695192694664,-0.011248251423239708,0.4886263608932495,0.4438207149505615,-0.05169975012540817,0.4664570689201355,0.5140224695205688,-0.07531619817018509,0.4462169408798218,0.571807861328125,-0.08290542662143707,0.42122355103492737,0.4552075266838074,-0.01207181066274643,0.44163668155670166,0.42795294523239136,-0.05665579438209534,0.42360207438468933,0.5206745266914368,-0.0672214925289154,0.41175875067710876,0.5863876938819885,-0.06107504665851593,0.37439802289009094,0.44716739654541016,-0.01913297548890114,0.3914746940135956,0.42799824476242065,-0.06175362691283226,0.3821488618850708,0.5223629474639893,-0.056515246629714966,0.3755357265472412,0.5854343771934509,-0.03908940777182579,0.3269047141075134,0.45276299118995667,-0.028254380449652672,0.3437064290046692,0.45166900753974915,-0.058645252138376236,0.3459998667240143,0.5209947824478149,-0.05418216437101364,0.34779876470565796,0.5660920143127441,-0.04042143374681473
M,Right,0.3486214578151703,0.6697452068328857,-3.493244378205418e-07,0.41265273094177246,0.6480849981307983,-0.025318417698144913,0.45624840259552,0.5825129747390747,-0.037951771169900894,0.4570358991622925,0.522273600101471,-0.05060078948736191,0.45027878880500793,0.4757979214191437,-0.058472998440265656,0.4640885889530182,0.47657155990600586,-0.012581351213157177,0.48830941319465637,0.4443591237068176,-0.05336745083332062,0.4664810299873352,0.5148954391479492,-0.07704753428697586,0.4461189806461334,0.5729750394821167,-0.08464930206537247,0.4196145236492157,0.454674631357193,-0.013341217301785946,0.4410577714443207,0.42893147468566895,-0.05819079652428627,0.4231911897659302,0.5221956968307495,-0.06858616322278976,0.41119635105133057,0.5882680416107178,-0.06232019513845444,0.37277016043663025,0.4468226134777069,-0.020312389358878136,0.3908262848854065,0.42893290519714355,-0.06293602287769318,0.38159218430519104,0.5235992074012756,-0.05743998661637306,0.37493857741355896,0.5869306325912476,-0.039922092109918594,0.32535305619239807,0.4527166485786438,-0.029388418421149254,0.3425244987010956,0.45353350043296814,-0.0598001666367054,0.34518009424209595,0.5231466889381409,-0.05531449243426323,0.3472011983394623,0.5681607723236084,-0.0415315181016922
M,Right,0.34917357563972473,0.6685662269592285,-3.5643552109831944e-07,0.4121827185153961,0.6481118202209473,-0.025141645222902298,0.4558267593383789,0.5837547183036804,-0.03787040710449219,0.458454430103302,0.5259146690368652,-0.05078162997961044,0.4534827172756195,0.4814382791519165,-0.058975037187337875,0.4628528952598572,0.47627606987953186,-0.012658297084271908,0.48796898126602173,0.4449591636657715,-0.05355893075466156,0.46620404720306396,0.5157060623168945,-0.0771385207772255,0.44589611887931824,0.5733457803726196,-0.08460812270641327,0.4186141788959503,0.45473647117614746,-0.013689836487174034,0.44085702300071716,0.42831626534461975,-0.058784957975149155,0.4229360520839691,0.5217477679252625,-0.06901276856660843,0.41076719760894775,0.5876660346984863,-0.06245061382651329,0.3720284700393677,0.4477101266384125,-0.020896445959806442,0.39015519618988037,0.4290913939476013,-0.06370455026626587,0.3811224699020386,0.5241102576255798,-0.05789225548505783,0.3746003806591034,0.5875124931335449,-0.03997350484132767,0.32519295811653137,0.4543346166610718,-0.03018365241587162,0.34196677803993225,0.4534783363342285,-0.060334835201501846,0.3449193835258484,0.522667646408081,-0.055374257266521454,0.34708404541015625,0.5676331520080566,-0.04122088849544525
M,Right,0.347963809967041,0.6703348159790039,-3.541376258908713e-07,0.4107690155506134,0.6497890949249268,-0.026381880044937134,0.4538460671901703,0.582399845123291,-0.03927350044250488,0.4533921778202057,0.5213741660118103,-0.051820479333400726,0.4462711215019226,0.4739445447921753,-0.059435728937387466,0.46219781041145325,0.47728726267814636,-0.013649719767272472,0.48696285486221313,0.44680875539779663,-0.05435444042086601,0.46495190262794495,0.5178452730178833,-0.07769324630498886,0.4447042942047119,0.5748823285102844,-0.08511953055858612,0.417789489030838,0.4548908472061157,-0.013735631480813026,0.4401650130748749,0.4301190674304962,-0.05835682526230812,0.4220244586467743,0.5230319499969482,-0.0682692751288414,0.4099041819572449,0.5883939862251282,-0.06168125569820404,0.37108030915260315,0.44687190651893616,-0.02009916678071022,0.38892167806625366,0.4301016926765442,-0.06228727474808693,0.3797416687011719,0.5246893763542175,-0.05647359788417816,0.373529314994812,0.5875837802886963,-0.03886716440320015,0.32401835918426514,0.45278823375701904,-0.028681699186563492,0.34100890159606934,0.4553171396255493,-0.05866970121860504,0.34457388520240784,0.524838387966156,-0.05428214371204376,0.3474652171134949,0.5693262815475464,-0.04069492220878601
M,Right,0.34744441509246826,0.6701498627662659,-3.576141978101077e-07,0.4100896120071411,0.6505824327468872,-0.02719460427761078,0.4542430639266968,0.5840563774108887,-0.040520574897527695,0.4554884433746338,0.5239468812942505,-0.053480494767427444,0.4493376612663269,0.47775256633758545,-0.061458736658096313,0.46088799834251404,0.47606968879699707,-0.013700969517230988,0.4852026104927063,0.4492224454879761,-0.055690474808216095,0.46273934841156006,0.5211953520774841,-0.07982852309942245,0.4427262246608734,0.5787724852561951,-0.0875696912407875,0.41631653904914856,0.4534302353858948,-0.013823198154568672,0.4385000169277191,0.43101218342781067,-0.05991516262292862,0.4202651381492615,0.52473384141922,-0.07014394551515579,0.4082208275794983,0.5906811356544495,-0.06329921633005142,0.369417279958725,0.4461269974708557,-0.020463427528738976,0.38740274310112,0.43228426575660706,-0.06428774446249008,0.37838953733444214,0.5281050801277161,-0.05837725102901459,0.37237730622291565,0.591382622718811,-0.04011143371462822,0.32264435291290283,0.45289865136146545,-0.029395263642072678,0.3398112952709198,0.45635986328125,-0.06022298336029053,0.34311971068382263,0.5265805721282959,-0.05562789365649223,0.34574493765830994,0.5709691047668457,-0.0415811650454998
M,Right,0.3478271961212158,0.6712662577629089,-3.4401574566800264e-07,0.4105437099933624,0.6518871188163757,-0.027312496677041054,0.4541603922843933,0.5852864980697632,-0.040380045771598816,0.4580863416194916,0.525051474571228,-0.05303412303328514,0.45446616411209106,0.4768978953361511,-0.060687724500894547,0.4607483446598053,0.47751641273498535,-0.013302172534167767,0.48457711935043335,0.45094674825668335,-0.055736612528562546,0.46249333024024963,0.5230266451835632,-0.08019068837165833,0.44291380047798157,0.5803266763687134,-0.08788862824440002,0.4165002405643463,0.45463860034942627,-0.013105223886668682,0.43876323103904724,0.4317360818386078,-0.059357788413763046,0.4206584095954895,0.5247725248336792,-0.06972821056842804,0.4088703691959381,0.5904161334037781,-0.06274638324975967,0.36933401226997375,0.4470040202140808,-0.019485609605908394,0.38719046115875244,0.4337768256664276,-0.06336045265197754,0.3781755268573761,0.5292908549308777,-0.057373277842998505,0.3722973167896271,0.5924303531646729,-0.038836732506752014,0.32222622632980347,0.4531070590019226,-0.028195340186357498,0.3388007581233978,0.45737481117248535,-0.058894138783216476,0.3424420654773712,0.5270215272903442,-0.054197702556848526,0.3455703556537628,0.5710456371307373,-0.039874475449323654
M,Right,0.34814637899398804,0.6711574792861938,-3.462294841938274e-07,0.4104112982749939,0.6525160074234009,-0.027853915467858315,0.4539736807346344,0.5859931707382202,-0.041065581142902374,0.4582371413707733,0.5255088806152344,-0.05373106524348259,0.45616859197616577,0.4772663414478302,-0.06135091185569763,0.4612554907798767,0.4780786335468292,-0.013921752572059631,0.48473218083381653,0.45161038637161255,-0.056426625698804855,0.4619276225566864,0.5234139561653137,-0.08078519999980927,0.4419374167919159,0.5804197192192078,-0.08842113614082336,0.4170423448085785,0.4549475908279419,-0.013367502950131893,0.43896055221557617,0.4323614537715912,-0.059784114360809326,0.4202619791030884,0.5250811576843262,-0.07006940245628357,0.40834081172943115,0.590666651725769,-0.06294482201337814,0.3697868585586548,0.44713738560676575,-0.019436558708548546,0.38712164759635925,0.4340597093105316,-0.06360895186662674,0.3781321048736572,0.5295422077178955,-0.05775260925292969,0.3725983500480652,0.5930584073066711,-0.03919642046093941,0.32252243161201477,0.4531373381614685,-0.027851605787873268,0.3383825421333313,0.45768386125564575,-0.05910255387425423,0.3427619934082031,0.5274415612220764,-0.05483854189515114,0.34687376022338867,0.5718987584114075,-0.04066737741231918
M,Right,0.3480978012084961,0.6702263355255127,-3.476936853985535e-07,0.40974095463752747,0.65245521068573,-0.02793138101696968,0.4532184600830078,0.5860843658447266,-0.04112672060728073,0.4574139714241028,0.5258976817131042,-0.05372953787446022,0.4555227756500244,0.47803306579589844,-0.06124997138977051,0.4614917039871216,0.4775830805301666,-0.013820545747876167,0.4850611388683319,0.45153558254241943,-0.056172940880060196,0.46223390102386475,0.5231680274009705,-0.08042868971824646,0.44217684864997864,0.5801658630371094,-0.08804459869861603,0.4171454608440399,0.45447731018066406,-0.01323428563773632,0.4386003017425537,0.43250393867492676,-0.05947637930512428,0.4200092852115631,0.5254926085472107,-0.0696500837802887,0.40823614597320557,0.5910216569900513,-0.06249069422483444,0.36987659335136414,0.4469500184059143,-0.019288059324026108,0.3869723379611969,0.4343501329421997,-0.06320508569478989,0.3781045377254486,0.5297387838363647,-0.057188116014003754,0.3726414144039154,0.5928184390068054,-0.038618408143520355,0.3227580487728119,0.4532836377620697,-0.027724187821149826,0.3383558690547943,0.458282470703125,-0.058728866279125214,0.34245771169662476,0.5279132723808289,-0.054341208189725876,0.3463304340839386,0.5718148350715637,-0.040155380964279175
M,Right,0.346694678068161,0.6712110638618469,-3.4650429370230995e-07,0.4092884063720703,0.6536698937416077,-0.028103012591600418,0.45335549116134644,0.5871393084526062,-0.0412723682820797,0.4565304219722748,0.5263909697532654,-0.05376778915524483,0.453357458114624,0.47831884026527405,-0.06116984412074089,0.46128562092781067,0.4775931239128113,-0.013519012369215488,0.4849679470062256,0.451580286026001,-0.05580884963274002,0.4622466564178467,0.5230135321617126,-0.08015231043100357,0.44213810563087463,0.5802024602890015,-0.08784510940313339,0.4169730842113495,0.4542894959449768,-0.012906639836728573,0.43867671489715576,0.4324984848499298,-0.05926577001810074,0.42019739747047424,0.5256263017654419,-0.06980707496404648,0.4082335829734802,0.5916141271591187,-0.06280965358018875,0.3697839379310608,0.44658395648002625,-0.018937984481453896,0.3868367671966553,0.43431705236434937,-0.0629696175456047,0.3778466582298279,0.5299729108810425,-0.05724333971738815,0.37218156456947327,0.5932670831680298,-0.03880670294165611,0.32258543372154236,0.4529525935649872,-0.027356164529919624,0.33830535411834717,0.4580131769180298,-0.058537330478429794,0.34229034185409546,0.5280078053474426,-0.05421296879649162,0.34603583812713623,0.5722585916519165,-0.03999835252761841
M,Right,0.34668391942977905,0.671400785446167,-3.465966926796682e-07,0.40940195322036743,0.653639554977417,-0.027953175827860832,0.45363685488700867,0.5869221687316895,-0.04091900959610939,0.4567793607711792,0.525183379650116,-0.05324375256896019,0.45335811376571655,0.4764484167098999,-0.060427870601415634,0.46059703826904297,0.47696584463119507,-0.013261784799396992,0.4852554500102997,0.4513033926486969,-0.05546145513653755,0.46250492334365845,0.5230513215065002,-0.07966745644807816,0.44217658042907715,0.5801434516906738,-0.08724816888570786,0.41637876629829407,0.4533946216106415,-0.012629925273358822,0.43848472833633423,0.43230822682380676,-0.05880114436149597,0.41986963152885437,0.5257925391197205,-0.06910223513841629,0.407768577337265,0.5917603373527527,-0.06197970360517502,0.36924874782562256,0.44562089443206787,-0.01864653080701828,0.38691914081573486,0.43502551317214966,-0.06239784508943558,0.3776886463165283,0.5305584073066711,-0.05645644664764404,0.3717074394226074,0.5934372544288635,-0.03792298957705498,0.3220790922641754,0.4518960118293762,-0.027065284550189972,0.33856886625289917,0.4581263065338135,-0.05759955197572708,0.34219369292259216,0.5276657342910767,-0.053035248070955276,0.34540680050849915,0.5711262226104736,-0.03879953920841217
M,Right,0.3471944034099579,0.6714019775390625,-3.448230074809544e-07,0.4098985493183136,0.6534200310707092,-0.028423640877008438,0.4541146457195282,0.5867847204208374,-0.04186340048909187,0.45687025785446167,0.5260005593299866,-0.05460893735289574,0.453435480594635,0.47818902134895325,-0.06218810752034187,0.4606735110282898,0.47701480984687805,-0.014169512316584587,0.4846022129058838,0.4519121050834656,-0.05703501030802727,0.4619984030723572,0.5245080590248108,-0.0817059725522995,0.4420500099658966,0.5818797945976257,-0.08953705430030823,0.41613420844078064,0.4537288546562195,-0.01352936401963234,0.4382683038711548,0.43311017751693726,-0.06018117815256119,0.4200544059276581,0.5267178416252136,-0.07058727741241455,0.4082289934158325,0.5921661853790283,-0.06355253607034683,0.3688231110572815,0.4462316632270813,-0.019594037905335426,0.38656559586524963,0.4352322816848755,-0.06385648995637894,0.37757110595703125,0.5309356451034546,-0.05781063809990883,0.3716087341308594,0.5935888886451721,-0.03915215656161308,0.32158541679382324,0.4526180922985077,-0.028095798566937447,0.3383910059928894,0.4583418369293213,-0.05892219766974449,0.34199315309524536,0.5281954407691956,-0.05417216941714287,0.34497329592704773,0.5716516375541687,-0.03977925330400467
M,Right,0.3475741744041443,0.6727279424667358,-3.502107119857101e-07,0.4099721610546112,0.6541467905044556,-0.027785908430814743,0.45425480604171753,0.5872297286987305,-0.040689870715141296,0.45690426230430603,0.5266697406768799,-0.05298905819654465,0.45244961977005005,0.4790811240673065,-0.060183532536029816,0.4603620767593384,0.47785958647727966,-0.013193143531680107,0.48444199562072754,0.4527653455734253,-0.05532262846827507,0.46191659569740295,0.5249693989753723,-0.07949239760637283,0.44201216101646423,0.5817890167236328,-0.08710181713104248,0.4160486161708832,0.45452019572257996,-0.012695723213255405,0.43820086121559143,0.43460550904273987,-0.05864613130688667,0.41999974846839905,0.5280258059501648,-0.06880484521389008,0.40799492597579956,0.5931742787361145,-0.061728108674287796,0.3690564036369324,0.4470771849155426,-0.01884375512599945,0.38624611496925354,0.4364737868309021,-0.06239749863743782,0.37730640172958374,0.5320098400115967,-0.05629945546388626,0.37146157026290894,0.5945650935173035,-0.03778032585978508,0.32213258743286133,0.45362257957458496,-0.027388518676161766,0.33793723583221436,0.45923149585723877,-0.05763740837574005,0.34162408113479614,0.5286380648612976,-0.05280439555644989,0.34489473700523376,0.5718449354171753,-0.038479436188936234
M,Right,0.34802573919296265,0.6728674173355103,-3.5197149372834247e-07,0.40991392731666565,0.6544822454452515,-0.028146253898739815,0.4538367688655853,0.5878057479858398,-0.041311394423246384,0.457931786775589,0.5271438956260681,-0.05379374325275421,0.45518237352371216,0.47897177934646606,-0.06114853546023369,0.46070200204849243,0.4782748520374298,-0.01394603494554758,0.4847222566604614,0.45320987701416016,-0.056360095739364624,0.46209943294525146,0.525810718536377,-0.08064562827348709,0.4421699047088623,0.5828379392623901,-0.08828452229499817,0.416194885969162,0.45507803559303284,-0.01326839905232191,0.4380405843257904,0.4343981146812439,-0.059472937136888504,0.4197443127632141,0.5279096364974976,-0.06957242637872696,0.4079686403274536,0.5934345722198486,-0.0624203085899353,0.3689841032028198,0.44790762662887573,-0.019254829734563828,0.38615861535072327,0.4365450143814087,-0.06314193457365036,0.3775566816329956,0.5320775508880615,-0.05700681731104851,0.3721618354320526,0.5951361656188965,-0.038380078971385956,0.32210680842399597,0.4547341465950012,-0.027647685259580612,0.33779147267341614,0.4594365954399109,-0.058373477309942245,0.3418837785720825,0.5287806987762451,-0.05372876301407814,0.34560197591781616,0.5725019574165344,-0.039435286074876785
M,Right,0.34751689434051514,0.6724990606307983,-3.5448243806968094e-07,0.40935492515563965,0.6546578407287598,-0.028069181367754936,0.4540099501609802,0.588624894618988,-0.04128590226173401,0.4582479000091553,0.5283478498458862,-0.05381748452782631,0.4560372829437256,0.48104748129844666,-0.06128848344087601,0.4607990086078644,0.47846177220344543,-0.014233235269784927,0.48438671231269836,0.4536709189414978,-0.05668860301375389,0.4617457985877991,0.5259614586830139,-0.0809629037976265,0.44185319542884827,0.5831917524337769,-0.08858563750982285,0.4163139760494232,0.454848051071167,-0.013660782016813755,0.438073992729187,0.4348447620868683,-0.05994170904159546,0.4194657802581787,0.5282070636749268,-0.07000056654214859,0.4074980616569519,0.5939134359359741,-0.06276224553585052,0.3691135346889496,0.44749200344085693,-0.019710782915353775,0.38603827357292175,0.43708565831184387,-0.0636480525135994,0.37704265117645264,0.5327079892158508,-0.05750143155455589,0.37159302830696106,0.5958622694015503,-0.03884501755237579,0.32213056087493896,0.45426833629608154,-0.028159555047750473,0.33772873878479004,0.45995721220970154,-0.05902845412492752,0.3417080044746399,0.5299394726753235,-0.05438987538218498,0.3455427289009094,0.5739890336990356,-0.04003533348441124
M,Right,0.3472578823566437,0.6734605431556702,-3.489907953735383e-07,0.4094736874103546,0.6552213430404663,-0.02815798483788967,0.453081339597702,0.5885345935821533,-0.04142342880368233,0.45652785897254944,0.527675211429596,-0.05396934226155281,0.4535551071166992,0.479774534702301,-0.06139352545142174,0.4604063630104065,0.4792296290397644,-0.014303609728813171,0.4842192828655243,0.45369356870651245,-0.0567673034965992,0.4615524411201477,0.5263857245445251,-0.08099665492773056,0.4415763318538666,0.58349609375,-0.08861993253231049,0.4157876670360565,0.45571452379226685,-0.013743583112955093,0.4374837875366211,0.434492826461792,-0.060171741992235184,0.41900739073753357,0.5285111665725708,-0.07033108919858932,0.4072103500366211,0.5943518877029419,-0.0631396472454071,0.36851364374160767,0.4483136534690857,-0.019801996648311615,0.38554245233535767,0.43729543685913086,-0.06377092003822327,0.3765127658843994,0.533022940158844,-0.05749821290373802,0.3709948658943176,0.5958178639411926,-0.038765836507081985,0.3214294910430908,0.4550468325614929,-0.028262585401535034,0.33754056692123413,0.4600226879119873,-0.05896161496639252,0.3412182331085205,0.5298198461532593,-0.05406726524233818,0.3447189927101135,0.5735945701599121,-0.03959806635975838
M,Right,0.34735554456710815,0.6737724542617798,-3.479222243640834e-07,0.4095744490623474,0.6556839346885681,-0.02849714457988739,0.45363637804985046,0.5886949300765991,-0.04175461456179619,0.4577082097530365,0.5274754166603088,-0.05420057848095894,0.45590150356292725,0.4790157675743103,-0.061501383781433105,0.4599209129810333,0.4783850610256195,-0.014702549204230309,0.4837384819984436,0.45353081822395325,-0.0571933314204216,0.4609471559524536,0.5263648629188538,-0.08140379935503006,0.4410253167152405,0.5836687088012695,-0.08901359140872955,0.4152080714702606,0.45475104451179504,-0.013913452625274658,0.4369439482688904,0.43444472551345825,-0.060279447585344315,0.41861385107040405,0.5284348726272583,-0.0703229308128357,0.4070946276187897,0.5944879055023193,-0.0630742758512497,0.3677976131439209,0.4475557208061218,-0.01977575197815895,0.3851519525051117,0.4369935989379883,-0.0637185126543045,0.3764097988605499,0.5327861905097961,-0.05748363956809044,0.3712073266506195,0.5959742069244385,-0.03879980742931366,0.32069432735443115,0.4546276032924652,-0.02808568812906742,0.33683139085769653,0.4607302248477936,-0.05909179151058197,0.3410055935382843,0.5307600498199463,-0.05458322539925575,0.34501636028289795,0.5748376250267029,-0.04031526669859886
M,Right,0.3464469015598297,0.674654483795166,-3.512854789278208e-07,0.4089881181716919,0.6566493511199951,-0.028242994099855423,0.4540649354457855,0.5899382829666138,-0.04129442572593689,0.457343727350235,0.5290936827659607,-0.05357515811920166,0.4536403715610504,0.4816916286945343,-0.060750916600227356,0.45953038334846497,0.4787425398826599,-0.013847519643604755,0.48330408334732056,0.45469024777412415,-0.056089624762535095,0.4609456956386566,0.5270843505859375,-0.08040056377649307,0.4413321912288666,0.5842258930206299,-0.0881354883313179,0.4150829017162323,0.45482176542282104,-0.013067455030977726,0.436946302652359,0.43642735481262207,-0.059079207479953766,0.4190707206726074,0.5299985408782959,-0.06923414021730423,0.40737760066986084,0.5956736207008362,-0.062140967696905136,0.36804813146591187,0.44746237993240356,-0.018937842920422554,0.38500356674194336,0.43932750821113586,-0.06234141066670418,0.37638458609580994,0.534886360168457,-0.0562455877661705,0.3709166646003723,0.5977330207824707,-0.03777940943837166,0.3212547302246094,0.4544026851654053,-0.027291158214211464,0.33699938654899597,0.462455689907074,-0.05753221735358238,0.34109222888946533,0.531928539276123,-0.052933402359485626,0.34483209252357483,0.5752084255218506,-0.03876752778887749
M,Right,0.3473300039768219,0.6756070852279663,-3.4732011044980027e-07,0.4092174768447876,0.6564894318580627,-0.028288455680012703,0.4533097743988037,0.5895167589187622,-0.0418117381632328,0.4557740390300751,0.5287441611289978,-0.054541170597076416,0.45114678144454956,0.4814954400062561,-0.06216029077768326,0.46028444170951843,0.47942429780960083,-0.01450403779745102,0.48336824774742126,0.4561471939086914,-0.057001449167728424,0.46057552099227905,0.5289177894592285,-0.08149238675832748,0.44093766808509827,0.5860997438430786,-0.08938009291887283,0.4157325029373169,0.4553946852684021,-0.013778016902506351,0.43727341294288635,0.43809235095977783,-0.059919193387031555,0.41894975304603577,0.5317310094833374,-0.07003489136695862,0.40718263387680054,0.5973693132400513,-0.06302060931921005,0.368520587682724,0.4479135274887085,-0.01967770978808403,0.38521480560302734,0.4404413402080536,-0.06307823210954666,0.3762645721435547,0.5361483693122864,-0.05688777565956116,0.3708767890930176,0.5990763902664185,-0.03848514333367348,0.3216027617454529,0.45472583174705505,-0.028072766959667206,0.337043434381485,0.46390843391418457,-0.05829570069909096,0.3410031497478485,0.5336405634880066,-0.053744710981845856,0.344984769821167,0.576865017414093,-0.03969540819525719
M,Right,0.3470860421657562,0.6761237382888794,-3.445448157890496e-07,0.40909427404403687,0.6574237942695618,-0.028184175491333008,0.4531711935997009,0.5903792977333069,-0.04138210415840149,0.45637431740760803,0.5303330421447754,-0.053815919905900955,0.4532831013202667,0.48366183042526245,-0.061151135712862015,0.4598167836666107,0.48061153292655945,-0.0139584606513381,0.4834039509296417,0.45706069469451904,-0.05620299652218819,0.46101149916648865,0.5290930271148682,-0.08052165806293488,0.44143205881118774,0.5862525701522827,-0.08828172087669373,0.4151935875415802,0.4570291042327881,-0.013231653720140457,0.4369674623012543,0.4379233121871948,-0.05928000435233116,0.4187467694282532,0.5313608050346375,-0.06938394904136658,0.40703341364860535,0.5973459482192993,-0.062235429883003235,0.36798858642578125,0.4498652219772339,-0.01914806291460991,0.3850249648094177,0.44099161028862,-0.0625295490026474,0.37635982036590576,0.5361870527267456,-0.056412145495414734,0.3710786998271942,0.5991005897521973,-0.03792776167392731,0.321077823638916,0.4568541646003723,-0.02753579244017601,0.3366914391517639,0.4642144441604614,-0.057730868458747864,0.3409438133239746,0.5332450270652771,-0.05312056094408035,0.3449907898902893,0.5763893127441406,-0.038966104388237
M,Right,0.3465016484260559,0.6767830848693848,-3.4966757311849506e-07,0.40876510739326477,0.6572487950325012,-0.027444416657090187,0.45205366611480713,0.5898736119270325,-0.04041421040892601,0.4551439881324768,0.528664231300354,-0.05273961275815964,0.45182284712791443,0.4805050194263458,-0.060021765530109406,0.4590124189853668,0.48187124729156494,-0.013831160962581635,0.4826371371746063,0.45630794763565063,-0.05554801970720291,0.4604204297065735,0.528856635093689,-0.07931945472955704,0.44093310832977295,0.5856549143791199,-0.08678945899009705,0.4140359163284302,0.45914942026138306,-0.013394854962825775,0.4359625577926636,0.437934935092926,-0.05875084921717644,0.4178650975227356,0.5319167971611023,-0.06844241917133331,0.40635600686073303,0.5972852110862732,-0.0612773597240448,0.3665376305580139,0.45240458846092224,-0.019470499828457832,0.38386496901512146,0.4403260350227356,-0.0626206248998642,0.3756527006626129,0.5356271862983704,-0.05631057545542717,0.37066763639450073,0.5983080863952637,-0.03786255419254303,0.31928279995918274,0.4597742259502411,-0.027861595153808594,0.33574995398521423,0.4633901119232178,-0.05826237052679062,0.34062284231185913,0.5328889489173889,-0.05349131301045418,0.3448949158191681,0.5766766667366028,-0.03927476704120636
M,Right,0.34672021865844727,0.6757363080978394,-3.489352877750207e-07,0.4086582660675049,0.6564509272575378,-0.027798675000667572,0.45165422558784485,0.5895071625709534,-0.040903620421886444,0.45471784472465515,0.5283555388450623,-0.05331996828317642,0.4513404071331024,0.48010486364364624,-0.06065947934985161,0.4585074186325073,0.48092547059059143,-0.014049812220036983,0.48214083909988403,0.4560645818710327,-0.05606680363416672,0.4596725106239319,0.5285065174102783,-0.08006167411804199,0.4400153160095215,0.5856055617332458,-0.0875842347741127,0.413803368806839,0.45778337121009827,-0.013366833329200745,0.4352562725543976,0.4373861849308014,-0.058983102440834045,0.4171815812587738,0.5308564901351929,-0.0687493309378624,0.40583571791648865,0.5965180397033691,-0.06152072921395302,0.36637455224990845,0.4506790041923523,-0.01925533078610897,0.3833795487880707,0.4404595196247101,-0.0625462457537651,0.37502431869506836,0.5354982614517212,-0.056339360773563385,0.37004178762435913,0.5982806086540222,-0.03786638379096985,0.3192870616912842,0.4575624465942383,-0.027526596561074257,0.33500874042510986,0.4633326530456543,-0.05793257802724838,0.33950740098953247,0.532609760761261,-0.05333828181028366,0.34365326166152954,0.576208770275116,-0.039185065776109695
M,Right,0.3460376560688019,0.6754202246665955,-3.464610642822663e-07,0.40797728300094604,0.6559979319572449,-0.027858242392539978,0.45129287242889404,0.5892876386642456,-0.041111838072538376,0.45458561182022095,0.52876877784729,-0.0536443367600441,0.45098668336868286,0.4813583791255951,-0.0611845999956131,0.4577193260192871,0.48061710596084595,-0.014197384007275105,0.48092472553253174,0.4552854001522064,-0.05613970756530762,0.4586794078350067,0.5274624228477478,-0.08016606420278549,0.43896251916885376,0.5843806862831116,-0.0877772867679596,0.4129257798194885,0.4578969478607178,-0.013617852702736855,0.43462657928466797,0.4361414611339569,-0.05929217487573624,0.416794091463089,0.5297666788101196,-0.0692344680428505,0.4051867425441742,0.5955295562744141,-0.06209838017821312,0.36549562215805054,0.4512655436992645,-0.019559582695364952,0.38260117173194885,0.43951764702796936,-0.06304872781038284,0.3744911253452301,0.5346875190734863,-0.056967593729496,0.3693239092826843,0.5975547432899475,-0.03851752355694771,0.3182816207408905,0.4587569534778595,-0.027840953320264816,0.334351122379303,0.46298831701278687,-0.05852734297513962,0.3391990065574646,0.532425045967102,-0.05391057953238487,0.3433123528957367,0.5763520002365112,-0.03969535231590271
M,Right,0.34633442759513855,0.6752818822860718,-3.446202470058779e-07,0.4081023335456848,0.6554198265075684,-0.02768687717616558,0.45123884081840515,0.5881651639938354,-0.0408082939684391,0.45354610681533813,0.5277850031852722,-0.053259190171957016,0.4487594962120056,0.48079073429107666,-0.0607428103685379,0.45739829540252686,0.47961026430130005,-0.013803358189761639,0.4810059666633606,0.4551607370376587,-0.0555422343313694,0.4587095081806183,0.5267064571380615,-0.0795055404305458,0.4389026165008545,0.5834357142448425,-0.08712861686944962,0.4127649664878845,0.45663776993751526,-0.013246029615402222,0.4345983564853668,0.436708927154541,-0.05878588929772377,0.416848748922348,0.5301079154014587,-0.06875177472829819,0.4051627516746521,0.5958831310272217,-0.06166600063443184,0.36548736691474915,0.4499574303627014,-0.019212689250707626,0.382633239030838,0.44001269340515137,-0.06249034404754639,0.3746039867401123,0.535103440284729,-0.05660983547568321,0.3694092035293579,0.5980227589607239,-0.03835626319050789,0.31840282678604126,0.45742225646972656,-0.0275205560028553,0.3343299329280853,0.463417112827301,-0.05798269063234329,0.33939993381500244,0.5327370166778564,-0.053558941930532455,0.34366995096206665,0.5764577984809875,-0.039542220532894135
M,Right,0.345162034034729,0.6749140620231628,-3.4859920106100617e-07,0.40665408968925476,0.6558462381362915,-0.027685783803462982,0.44969913363456726,0.5894591808319092,-0.04079456999897957,0.4536360502243042,0.529636800289154,-0.05323145538568497,0.4506034851074219,0.48239806294441223,-0.06067105382680893,0.45661866664886475,0.48017075657844543,-0.013677527196705341,0.479945570230484,0.45509475469589233,-0.05555066093802452,0.45807981491088867,0.5267313122749329,-0.0795787051320076,0.43852126598358154,0.5834909677505493,-0.08716993778944016,0.41193073987960815,0.4574621617794037,-0.013144070282578468,0.4333546757698059,0.43545886874198914,-0.05873289704322815,0.41586607694625854,0.5289431810379028,-0.06861523538827896,0.40443819761276245,0.5947220325469971,-0.06138965114951134,0.36468827724456787,0.4508346915245056,-0.01916169375181198,0.3815552890300751,0.43944433331489563,-0.0623943991959095,0.37364256381988525,0.5344600081443787,-0.05623731017112732,0.36856552958488464,0.5970228910446167,-0.03772355988621712,0.3178043067455292,0.4583471715450287,-0.027538562193512917,0.33351457118988037,0.4624609351158142,-0.05776674300432205,0.3383105397224426,0.5311582684516907,-0.05300946161150932,0.34231409430503845,0.5743960738182068,-0.03874370455741882
M,Right,0.3440278470516205,0.674688458442688,-3.472947867066978e-07,0.4061994254589081,0.6560642719268799,-0.027696873992681503,0.44949081540107727,0.5893198847770691,-0.040652718394994736,0.4527627229690552,0.5289332866668701,-0.052864380180835724,0.4500567615032196,0.4817644953727722,-0.06004060432314873,0.45597416162490845,0.48033350706100464,-0.013871279545128345,0.4792996942996979,0.454840749502182,-0.05551792308688164,0.4572094678878784,0.5264040231704712,-0.07924120128154755,0.43748873472213745,0.5833249688148499,-0.08664517849683762,0.41121408343315125,0.45727989077568054,-0.0132136270403862,0.43267786502838135,0.4354700446128845,-0.05869926139712334,0.41504213213920593,0.5290289521217346,-0.06844177842140198,0.4035544991493225,0.5949733853340149,-0.06108115240931511,0.3639262318611145,0.4503258466720581,-0.019076846539974213,0.38079652190208435,0.4399227499961853,-0.062210794538259506,0.3727903366088867,0.5348140597343445,-0.05615155026316643,0.3677132725715637,0.597248911857605,-0.037712182849645615,0.31696897745132446,0.4575386941432953,-0.027291256934404373,0.33292871713638306,0.46310657262802124,-0.05759250000119209,0.3377317786216736,0.5321493744850159,-0.053063154220581055,0.34186360239982605,0.5753234028816223,-0.038938939571380615
M,Right,0.3420020341873169,0.6752772331237793,-3.568974591416918e-07,0.4048008322715759,0.6572884321212769,-0.027386823669075966,0.4493632912635803,0.5902998447418213,-0.0399613119661808,0.4529106020927429,0.530147910118103,-0.051843516528606415,0.4496554434299469,0.4840499460697174,-0.058631736785173416,0.4553348422050476,0.4805334210395813,-0.01351203303784132,0.47886040806770325,0.45597338676452637,-0.05472337827086449,0.45577913522720337,0.5279887318611145,-0.07804946601390839,0.4356192350387573,0.5844605565071106,-0.08530769497156143,0.41076016426086426,0.45668691396713257,-0.012971700169146061,0.43269410729408264,0.4374678134918213,-0.05809465050697327,0.4144703447818756,0.530582070350647,-0.06763187050819397,0.40236467123031616,0.5959130525588989,-0.06022421270608902,0.3636205196380615,0.4492471516132355,-0.01891212910413742,0.3802935779094696,0.44118866324424744,-0.061478737741708755,0.3716416358947754,0.5359013080596924,-0.05527202785015106,0.3662325143814087,0.5979751348495483,-0.03691406175494194,0.31683623790740967,0.45617029070854187,-0.027244430035352707,0.3326178789138794,0.464646577835083,-0.0570005439221859,0.3369004428386688,0.5334892272949219,-0.05248314142227173,0.3408810794353485,0.576058566570282,-0.03849882259964943
M,Right,0.34334051609039307,0.6762672066688538,-3.4686587468968355e-07,0.4055623710155487,0.6570115685462952,-0.02731986716389656,0.44870251417160034,0.590890109539032,-0.04057285189628601,0.4508512020111084,0.5318565368652344,-0.05323324725031853,0.44572097063064575,0.48740246891975403,-0.06084807217121124,0.45489633083343506,0.4803832769393921,-0.014436356723308563,0.47842782735824585,0.45668303966522217,-0.05586501583456993,0.45569080114364624,0.5291826725006104,-0.07942613959312439,0.43571412563323975,0.5856579542160034,-0.0869203507900238,0.41025510430336,0.45667940378189087,-0.014104441739618778,0.43182697892189026,0.43983596563339233,-0.059259019792079926,0.4141763746738434,0.5335718989372253,-0.0688331350684166,0.4024048447608948,0.5983501076698303,-0.06168008968234062,0.36307767033576965,0.4494689106941223,-0.02019680291414261,0.37970173358917236,0.4427236318588257,-0.06258013844490051,0.3716607689857483,0.5377320647239685,-0.05645619332790375,0.3664532005786896,0.5995723009109497,-0.03839540481567383,0.3162926435470581,0.45679208636283875,-0.028692398220300674,0.3320077657699585,0.46699151396751404,-0.058152783662080765,0.3369619846343994,0.5359033346176147,-0.0537579208612442,0.3412959575653076,0.5780889987945557,-0.040075886994600296
M,Right,0.34194740653038025,0.6779860258102417,-3.588063179904566e-07,0.40404772758483887,0.6593219637870789,-0.026895642280578613,0.4484935998916626,0.5920426249504089,-0.03934864327311516,0.45033830404281616,0.5312801599502563,-0.051134899258613586,0.4441395103931427,0.4859418570995331,-0.058005865663290024,0.45414218306541443,0.4823538064956665,-0.013735869899392128,0.477489709854126,0.4575684666633606,-0.05395764485001564,0.4549325704574585,0.5292277932167053,-0.07662367075681686,0.4353480041027069,0.5847474336624146,-0.08373631536960602,0.40948575735092163,0.4586837887763977,-0.013328034430742264,0.43117180466651917,0.4413156509399414,-0.05722321942448616,0.41348206996917725,0.5342031121253967,-0.066245436668396,0.4015624523162842,0.5985521078109741,-0.058994125574827194,0.3623349070549011,0.4516136944293976,-0.01923743635416031,0.3786335587501526,0.4440213441848755,-0.060892246663570404,0.3706663250923157,0.5391091704368591,-0.054592717438936234,0.36566290259361267,0.6011753082275391,-0.03665119782090187,0.31538110971450806,0.4591813087463379,-0.027472401037812233,0.33100828528404236,0.4683888554573059,-0.0568564273416996,0.3360605537891388,0.537672221660614,-0.05244464427232742,0.34047091007232666,0.5802737474441528,-0.03882206976413727
M,Right,0.34111616015434265,0.6780957579612732,-3.531860954808508e-07,0.4036388099193573,0.6589165329933167,-0.02759140357375145,0.44795265793800354,0.5928338766098022,-0.040869902819395065,0.4504625201225281,0.5335898995399475,-0.05349861830472946,0.44665080308914185,0.4889492094516754,-0.06106980890035629,0.4536150395870209,0.4825667142868042,-0.014699774794280529,0.4767299294471741,0.458598792552948,-0.05640362575650215,0.453958123922348,0.5316906571388245,-0.08005335927009583,0.43440479040145874,0.5883933305740356,-0.08755216747522354,0.40865403413772583,0.45881402492523193,-0.014313493855297565,0.43024495244026184,0.4415844678878784,-0.059784818440675735,0.4124245047569275,0.5352133512496948,-0.06940820813179016,0.40088239312171936,0.600149929523468,-0.06220286712050438,0.3614383041858673,0.4517194628715515,-0.020397985354065895,0.37802550196647644,0.4445916712284088,-0.06321334838867188,0.36990347504615784,0.5399850606918335,-0.056963976472616196,0.3650020360946655,0.6022968292236328,-0.03870943933725357,0.3146790862083435,0.4592016935348511,-0.028908949345350266,0.3304038643836975,0.4686321020126343,-0.058833833783864975,0.3351040184497833,0.5379090309143066,-0.054377421736717224,0.3395012617111206,0.5803864598274231,-0.040528252720832825
M,Right,0.3416964113712311,0.677628755569458,-3.464514293227694e-07,0.40447306632995605,0.6584271192550659,-0.02742954157292843,0.4479871392250061,0.5915364623069763,-0.04044758528470993,0.44921547174453735,0.5313122272491455,-0.052762020379304886,0.4434816837310791,0.4854896664619446,-0.060011476278305054,0.45311662554740906,0.4822114109992981,-0.014481959864497185,0.477020800113678,0.45822176337242126,-0.055902305990457535,0.45431721210479736,0.5305188298225403,-0.07927880436182022,0.4345557689666748,0.5869681239128113,-0.0866473987698555,0.40789198875427246,0.4589855670928955,-0.014073215425014496,0.42949241399765015,0.44123855233192444,-0.05945605784654617,0.4118849039077759,0.535261869430542,-0.06892649084329605,0.4003784656524658,0.600431501865387,-0.06161611154675484,0.3605872094631195,0.45223379135131836,-0.020116928964853287,0.3775165379047394,0.44574788212776184,-0.06274157017469406,0.3697361946105957,0.5405668616294861,-0.056413259357213974,0.36480528116226196,0.6020077466964722,-0.03813774138689041,0.31387293338775635,0.4596647620201111,-0.0285425316542387,0.3298649191856384,0.4684467017650604,-0.05787406861782074,0.3347688317298889,0.5366974472999573,-0.05307656154036522,0.3390660285949707,0.5779410600662231,-0.03913752734661102
M,Right,0.342336505651474,0.6772480607032776,-3.522099234487541e-07,0.40470582246780396,0.6575517058372498,-0.027216976508498192,0.44836851954460144,0.5905253291130066,-0.03999391943216324,0.45003169775009155,0.5305405855178833,-0.05209684744477272,0.44485926628112793,0.4849744141101837,-0.05924598127603531,0.4531225264072418,0.48179927468299866,-0.014054879546165466,0.4766027331352234,0.4575391113758087,-0.055028580129146576,0.4540649354457855,0.5293772220611572,-0.0781974270939827,0.43446505069732666,0.5855246782302856,-0.08547650277614594,0.4079698622226715,0.45925062894821167,-0.013596768490970135,0.42903438210487366,0.4404148459434509,-0.058500129729509354,0.41140130162239075,0.5341739654541016,-0.067756786942482,0.3999543786048889,0.5993669033050537,-0.0603911429643631,0.3608030676841736,0.45301565527915955,-0.019547373056411743,0.3774036467075348,0.4445052742958069,-0.06193080544471741,0.36965224146842957,0.5393571257591248,-0.05540422350168228,0.3646851181983948,0.6012783646583557,-0.037031594663858414,0.3141723871231079,0.46068575978279114,-0.02783813141286373,0.3297790288925171,0.4670286178588867,-0.057156410068273544,0.33461907505989075,0.5352049469947815,-0.05213738605380058,0.3387529253959656,0.5769363641738892,-0.03801991418004036
M,Right,0.3420020639896393,0.677320122718811,-3.463436257788999e-07,0.40450426936149597,0.6571112275123596,-0.02715904638171196,0.4470692276954651,0.589827835559845,-0.03987815976142883,0.4494892656803131,0.5291486382484436,-0.051876697689294815,0.4451075494289398,0.4821353256702423,-0.05897613987326622,0.4523148238658905,0.48300009965896606,-0.014485528692603111,0.4760681390762329,0.45682549476623535,-0.055237386375665665,0.4541296362876892,0.5281765460968018,-0.07818924635648727,0.4346471428871155,0.5842034816741943,-0.08533956855535507,0.4074151813983917,0.4604513645172119,-0.013916238211095333,0.4285215139389038,0.4391753673553467,-0.05855019763112068,0.4112986922264099,0.5329179763793945,-0.06772803515195847,0.4002450108528137,0.5983104109764099,-0.06035945937037468,0.3602118492126465,0.4538615047931671,-0.019690148532390594,0.37655097246170044,0.4438132047653198,-0.06190546229481697,0.36916035413742065,0.5384839773178101,-0.05556921660900116,0.364629864692688,0.6004440784454346,-0.03737892210483551,0.3134143650531769,0.46132931113243103,-0.027760732918977737,0.32906752824783325,0.4666534960269928,-0.057288557291030884,0.3345947265625,0.5349050760269165,-0.05255843698978424,0.33937186002731323,0.5773018598556519,-0.038637008517980576
M,Right,0.3429994583129883,0.6781216859817505,-3.49440739455531e-07,0.4052242040634155,0.6572862863540649,-0.026693744584918022,0.44809576869010925,0.5894579887390137,-0.039157167077064514,0.45020052790641785,0.5291473865509033,-0.051064591854810715,0.44575512409210205,0.483142614364624,-0.05812479928135872,0.4529356360435486,0.4821211099624634,-0.013294875621795654,0.47562846541404724,0.4562870264053345,-0.054004549980163574,0.45366281270980835,0.5272411704063416,-0.07707218825817108,0.4345695674419403,0.5833353400230408,-0.08428360521793365,0.4079399108886719,0.45973289012908936,-0.012955502606928349,0.42855051159858704,0.4393558204174042,-0.05766219273209572,0.4110792577266693,0.5327685475349426,-0.06694067269563675,0.4000397324562073,0.5981290936470032,-0.05956774204969406,0.3606753945350647,0.4533849358558655,-0.01899196021258831,0.3765594959259033,0.443789541721344,-0.06133856624364853,0.3689073920249939,0.5386510491371155,-0.05500045046210289,0.3644469976425171,0.6009337902069092,-0.03672392666339874,0.3138177692890167,0.46098509430885315,-0.02729860693216324,0.3287864923477173,0.4665265679359436,-0.05683502182364464,0.33393192291259766,0.5350556969642639,-0.052007243037223816,0.33874306082725525,0.577521026134491,-0.03796207532286644
M,Right,0.342939555644989,0.6780875325202942,-3.5391698816056305e-07,0.40563303232192993,0.6562029719352722,-0.026558946818113327,0.44771531224250793,0.5873814821243286,-0.038897667080163956,0.4499811828136444,0.526797354221344,-0.050611402839422226,0.445476233959198,0.47999513149261475,-0.05751269683241844,0.4510967433452606,0.48476389050483704,-0.014935173094272614,0.47541093826293945,0.4552363455295563,-0.05504050478339195,0.4533969759941101,0.5268468856811523,-0.07709792256355286,0.4337030351161957,0.5822609663009644,-0.08379438519477844,0.40580111742019653,0.4635615348815918,-0.014634138904511929,0.4269169569015503,0.43762850761413574,-0.05890001356601715,0.40981870889663696,0.5324831604957581,-0.06737704575061798,0.3989401161670685,0.5976632833480835,-0.05966731533408165,0.3586028218269348,0.45758840441703796,-0.020538197830319405,0.37511420249938965,0.441459983587265,-0.06289399415254593,0.36812734603881836,0.5366876721382141,-0.05608833581209183,0.36352401971817017,0.5988176465034485,-0.0376581996679306,0.31177785992622375,0.46527060866355896,-0.028544357046484947,0.3275177776813507,0.4652254283428192,-0.058550167828798294,0.3335070312023163,0.5343161225318909,-0.05341843143105507,0.3381856083869934,0.5777731537818909,-0.03923647850751877
M,Right,0.34129658341407776,0.6779194474220276,-3.711961085173243e-07,0.40420228242874146,0.6553608179092407,-0.025662217289209366,0.44698089361190796,0.5862245559692383,-0.037315815687179565,0.44996824860572815,0.5262047052383423,-0.04855760559439659,0.44662758708000183,0.48058241605758667,-0.05507712811231613,0.4498412609100342,0.48639094829559326,-0.014049893245100975,0.47348785400390625,0.453843891620636,-0.05314839258790016,0.450894832611084,0.5249742269515991,-0.07444257289171219,0.43103933334350586,0.5799733996391296,-0.08086886256933212,0.40456846356391907,0.4661185145378113,-0.014126240275800228,0.4253992438316345,0.4368102550506592,-0.057931117713451385,0.4077102243900299,0.531534731388092,-0.06626594066619873,0.3965005874633789,0.5970031023025513,-0.058544158935546875,0.35768529772758484,0.46023935079574585,-0.020259348675608635,0.37368637323379517,0.43953511118888855,-0.06225528568029404,0.36614635586738586,0.5345144867897034,-0.055340394377708435,0.36129435896873474,0.5970996618270874,-0.03695297986268997,0.3110310137271881,0.46765220165252686,-0.028376806527376175,0.3261929154396057,0.4636526107788086,-0.058332331478595734,0.331315815448761,0.5325511693954468,-0.053061533719301224,0.33552658557891846,0.576645016670227,-0.038861729204654694
M,Right,0.3390272855758667,0.6788366436958313,-3.793302596477588e-07,0.401689738035202,0.6570078134536743,-0.026113169267773628,0.44480353593826294,0.5865431427955627,-0.037724681198596954,0.4458702802658081,0.5257101058959961,-0.048796407878398895,0.4420921504497528,0.4791361391544342,-0.05489717423915863,0.4485398530960083,0.4871639609336853,-0.014703040011227131,0.4722517728805542,0.4525336027145386,-0.053638655692338943,0.4488281309604645,0.5251445770263672,-0.07440514117479324,0.4287849962711334,0.5804433822631836,-0.08055578917264938,0.4030914008617401,0.4668527841567993,-0.014648272655904293,0.4239117503166199,0.43711602687835693,-0.05851339176297188,0.40590232610702515,0.5331720113754272,-0.06663689762353897,0.3948679566383362,0.5985062718391418,-0.05884213000535965,0.3561014235019684,0.46072059869766235,-0.02069387212395668,0.3721664249897003,0.43773168325424194,-0.06272324174642563,0.36456719040870667,0.5338240265846252,-0.055704131722450256,0.359923392534256,0.5966923236846924,-0.03741510957479477,0.3091960549354553,0.46825161576271057,-0.028752364218235016,0.3249540328979492,0.46423643827438354,-0.05929258093237877,0.33057427406311035,0.5341459512710571,-0.05449727922677994,0.3354809880256653,0.5785861611366272,-0.04065455123782158
M,Right,0.3379911482334137,0.6768421530723572,-3.745989545222983e-07,0.40010568499565125,0.656126081943512,-0.02704918012022972,0.44435450434684753,0.5886397957801819,-0.03977351635694504,0.44301658868789673,0.5298357009887695,-0.051930733025074005,0.4367832541465759,0.4857247769832611,-0.05910733714699745,0.4491501748561859,0.4867156744003296,-0.01557997241616249,0.4700639247894287,0.4510381519794464,-0.05554565042257309,0.4468213617801666,0.5230754017829895,-0.07722608745098114,0.42772090435028076,0.5785160064697266,-0.08406994491815567,0.40265607833862305,0.466774046421051,-0.015802666544914246,0.4214092493057251,0.4358682930469513,-0.06133146956562996,0.40318962931632996,0.532374382019043,-0.07037930190563202,0.3926684856414795,0.5978626012802124,-0.06288983672857285,0.35532236099243164,0.4609150290489197,-0.022222017869353294,0.3687751293182373,0.4361923933029175,-0.06585439294576645,0.36128896474838257,0.5332026481628418,-0.05911355838179588,0.35772666335105896,0.5959348082542419,-0.04071362689137459,0.3082231879234314,0.46882471442222595,-0.030727744102478027,0.32160502672195435,0.4655478000640869,-0.06277813017368317,0.3266295790672302,0.5373585224151611,-0.058302294462919235,0.3322400748729706,0.5819622874259949,-0.04445435851812363
M,Right,0.33839136362075806,0.6796018481254578,-3.390460960872588e-07,0.4011188745498657,0.6546969413757324,-0.02758144959807396,0.4439694583415985,0.5856831073760986,-0.04152526333928108,0.4406289756298065,0.5263621211051941,-0.05512437969446182,0.42940497398376465,0.48476549983024597,-0.06421516835689545,0.4481765329837799,0.4838941991329193,-0.01474188081920147,0.46319231390953064,0.44732779264450073,-0.05630666762590408,0.4419192969799042,0.5181092619895935,-0.0802919864654541,0.42465823888778687,0.5741685032844543,-0.0886659100651741,0.4001604914665222,0.4663703441619873,-0.015551652759313583,0.4165944457054138,0.43249091506004333,-0.06298260390758514,0.3990277647972107,0.5290145874023438,-0.07464788854122162,0.3886633515357971,0.5956078171730042,-0.0686044842004776,0.35200172662734985,0.4627240300178528,-0.022613966837525368,0.36335593461990356,0.43428778648376465,-0.06811827421188354,0.35648030042648315,0.5310879349708557,-0.06269560009241104,0.353674978017807,0.5939635038375854,-0.04464840143918991,0.30439233779907227,0.47306355834007263,-0.03171241655945778,0.3167440593242645,0.46469631791114807,-0.06448684632778168,0.3220457434654236,0.535685658454895,-0.05969924479722977,0.3282361328601837,0.580451250076294,-0.04545900225639343
M,Right,0.3390854299068451,0.684040904045105,-3.488698325782025e-07,0.40156155824661255,0.6573317050933838,-0.027910858392715454,0.44291630387306213,0.5856751799583435,-0.041656240820884705,0.43689021468162537,0.5275391936302185,-0.05507528409361839,0.4246753454208374,0.48964592814445496,-0.06374914944171906,0.4450704753398895,0.4812154471874237,-0.012704932130873203,0.45634397864341736,0.44534963369369507,-0.054548803716897964,0.4355018138885498,0.5204349160194397,-0.07894270867109299,0.4201938211917877,0.5795000791549683,-0.08741740137338638,0.39595866203308105,0.46647459268569946,-0.013427060097455978,0.4097035527229309,0.42920202016830444,-0.0613069124519825,0.3930152356624603,0.5274633765220642,-0.07340987771749496,0.3844601511955261,0.5957961678504944,-0.06728732585906982,0.34783247113227844,0.46576759219169617,-0.020624399185180664,0.35687190294265747,0.4324992299079895,-0.06608754396438599,0.35132819414138794,0.5288569927215576,-0.06087501347064972,0.35029977560043335,0.592144787311554,-0.04270697757601738,0.3009854555130005,0.4789946377277374,-0.02997913770377636,0.3104436993598938,0.46593955159187317,-0.0621521882712841,0.31689274311065674,0.5349770784378052,-0.05725615471601486,0.3246157765388489,0.5792529582977295,-0.042912714183330536
M,Right,0.34013962745666504,0.6837406754493713,-3.489758455543779e-07,0.40157759189605713,0.6566259264945984,-0.027583708986639977,0.44080060720443726,0.5862163305282593,-0.041543155908584595,0.43515074253082275,0.5298910737037659,-0.05543474480509758,0.4246482849121094,0.492313027381897,-0.06475009024143219,0.44177520275115967,0.47940340638160706,-0.01258123479783535,0.45248913764953613,0.44346559047698975,-0.05482575669884682,0.4336564540863037,0.5174257755279541,-0.07962531596422195,0.41939663887023926,0.5774078369140625,-0.08827533572912216,0.3926183879375458,0.466503769159317,-0.013595870696008205,0.40527772903442383,0.4295974671840668,-0.06196995824575424,0.39020270109176636,0.527696967124939,-0.074447400867939,0.38244614005088806,0.5970635414123535,-0.06846499443054199,0.34457701444625854,0.46791496872901917,-0.021104397252202034,0.35245904326438904,0.43524983525276184,-0.0670304000377655,0.3484984338283539,0.5310893654823303,-0.06221365928649902,0.3486561179161072,0.5948321223258972,-0.04412662610411644,0.2980545461177826,0.4832717180252075,-0.03074016235768795,0.3052801191806793,0.47037065029144287,-0.0634324699640274,0.3133382797241211,0.5386048555374146,-0.05889594182372093,0.32265329360961914,0.5827735662460327,-0.04462407901883125
M,Right,0.33955153822898865,0.6857672333717346,-3.481020200979401e-07,0.39912837743759155,0.6586860418319702,-0.03037092089653015,0.43648114800453186,0.5901298522949219,-0.045857809484004974,0.4341375231742859,0.5358153581619263,-0.06080504506826401,0.4241992235183716,0.5000544786453247,-0.07085555046796799,0.4388740062713623,0.48180505633354187,-0.016716809943318367,0.44563114643096924,0.443948894739151,-0.06048867851495743,0.42609453201293945,0.5195762515068054,-0.08542290329933167,0.4129684567451477,0.579656720161438,-0.09396501630544662,0.3891217112541199,0.4703732132911682,-0.01666741445660591,0.3986600935459137,0.42942097783088684,-0.06737499684095383,0.3838598430156708,0.5279332399368286,-0.07984726130962372,0.3778393864631653,0.5974335074424744,-0.07315810024738312,0.340765118598938,0.4729871451854706,-0.023299215361475945,0.3454570174217224,0.4395385980606079,-0.07130789011716843,0.34266263246536255,0.5357523560523987,-0.06642843782901764,0.34490227699279785,0.5991240739822388,-0.04748998209834099,0.29457324743270874,0.48929622769355774,-0.03223247826099396,0.29933494329452515,0.47539594769477844,-0.06582320481538773,0.30814826488494873,0.5418425798416138,-0.06147915497422218,0.31924450397491455,0.584652304649353,-0.04697401449084282
M,Right,0.340536504983902,0.6815914511680603,-3.6710170547848975e-07,0.3985307216644287,0.6545695662498474,-0.02812676690518856,0.4355522692203522,0.5865851044654846,-0.04235890880227089,0.43512019515037537,0.532588541507721,-0.0564972385764122,0.4265427589416504,0.49652421474456787,-0.06602776795625687,0.4366978406906128,0.4804721176624298,-0.014742495492100716,0.44238030910491943,0.4422915279865265,-0.05679469183087349,0.4234614968299866,0.517523467540741,-0.08043240755796432,0.411490261554718,0.5771790742874146,-0.08836667239665985,0.3870795667171478,0.47016531229019165,-0.01548685971647501,0.3953148126602173,0.429617702960968,-0.06481481343507767,0.38143390417099,0.5276551246643066,-0.0764937549829483,0.3766356408596039,0.5970311760902405,-0.0695641040802002,0.3388764560222626,0.47395196557044983,-0.022670716047286987,0.3429178297519684,0.4390513300895691,-0.07001952826976776,0.34101879596710205,0.5346994400024414,-0.06493434309959412,0.3444807827472687,0.5985605120658875,-0.04608270898461342,0.29333487153053284,0.4914497137069702,-0.03190670534968376,0.29662850499153137,0.4758158326148987,-0.06589776277542114,0.3058014512062073,0.5427359342575073,-0.06188438832759857,0.3178136944770813,0.586416482925415,-0.04762270674109459
M,Right,0.3385787010192871,0.6817331910133362,-3.640670058757678e-07,0.39681369066238403,0.6549964547157288,-0.028694268316030502,0.43318644165992737,0.5842916369438171,-0.04235391691327095,0.4322287142276764,0.5286551117897034,-0.05550072714686394,0.42319872975349426,0.4907662570476532,-0.06378095597028732,0.43362095952033997,0.47880178689956665,-0.013883828185498714,0.43959489464759827,0.4416479468345642,-0.0559370294213295,0.4221853017807007,0.517086386680603,-0.07937784492969513,0.4103342294692993,0.5762979984283447,-0.08694577217102051,0.38444408774375916,0.4684444069862366,-0.013903822749853134,0.3924095630645752,0.42744144797325134,-0.0628577470779419,0.3801061809062958,0.5258982181549072,-0.0741661936044693,0.37563222646713257,0.5942694544792175,-0.06676939129829407,0.3365462124347687,0.47254687547683716,-0.020528575405478477,0.34007787704467773,0.4386458992958069,-0.06741806119680405,0.3395555019378662,0.5344806909561157,-0.062090739607810974,0.3434787392616272,0.5966405272483826,-0.04297158494591713,0.29112908244132996,0.4907088279724121,-0.029266582801938057,0.29518213868141174,0.47609832882881165,-0.06246344745159149,0.3054048418998718,0.5423092246055603,-0.05819905176758766,0.31781911849975586,0.5839312076568604,-0.04376951977610588
M,Right,0.3398815989494324,0.6823307275772095,-3.5401259879108693e-07,0.397305428981781,0.6546099185943604,-0.029850654304027557,0.4319188594818115,0.5845196843147278,-0.04496227949857712,0.4259575605392456,0.5300131440162659,-0.05938396230340004,0.4143523871898651,0.4959275424480438,-0.06907274574041367,0.43361952900886536,0.47813355922698975,-0.015236510895192623,0.4397289752960205,0.44198736548423767,-0.05761699378490448,0.4222352206707001,0.5165795087814331,-0.0818329006433487,0.4106864035129547,0.5762383937835693,-0.09011628478765488,0.3842170834541321,0.46807605028152466,-0.014966326765716076,0.3910362720489502,0.4286474287509918,-0.06415998935699463,0.3790484070777893,0.5266515016555786,-0.0761248990893364,0.3757905066013336,0.595295786857605,-0.06939345598220825,0.3365859091281891,0.4723243713378906,-0.02132369764149189,0.33991768956184387,0.43793120980262756,-0.0679917111992836,0.3391052484512329,0.5327084064483643,-0.06309240311384201,0.34320417046546936,0.5955364108085632,-0.04458991065621376,0.2915641963481903,0.4905754029750824,-0.02994193136692047,0.294691264629364,0.475717157125473,-0.0632486566901207,0.30457571148872375,0.5424498319625854,-0.05928194895386696,0.31704002618789673,0.5854868292808533,-0.04519455134868622
M,Right,0.3385508954524994,0.6810476183891296,-3.6173275930195814e-07,0.39625856280326843,0.6548119783401489,-0.030213002115488052,0.4308576285839081,0.5856839418411255,-0.045280229300260544,0.42617249488830566,0.5317506790161133,-0.059542011469602585,0.41588103771209717,0.4969640374183655,-0.06904879957437515,0.43259161710739136,0.47944867610931396,-0.016296574845910072,0.4396837055683136,0.441700279712677,-0.05872270464897156,0.42136913537979126,0.5158615708351135,-0.08246167749166489,0.4090912640094757,0.5752334594726562,-0.09037970751523972,0.38331139087677,0.4689736068248749,-0.01567854732275009,0.39082998037338257,0.4280635714530945,-0.06508070230484009,0.37771135568618774,0.526266872882843,-0.0765833854675293,0.37375009059906006,0.595198392868042,-0.06936492770910263,0.3356662392616272,0.47279492020606995,-0.02168886736035347,0.3389601707458496,0.43786731362342834,-0.0686112716794014,0.3377576470375061,0.5330324769020081,-0.06343461573123932,0.3418830633163452,0.5959842205047607,-0.04457704722881317,0.2906798720359802,0.49055033922195435,-0.029943358153104782,0.29368916153907776,0.47580620646476746,-0.06352710723876953,0.3034694492816925,0.542474627494812,-0.059591639786958694,0.3161395490169525,0.5850984454154968,-0.045416876673698425
M,Right,0.33868467807769775,0.6804632544517517,-3.540609725405375e-07,0.3964478671550751,0.6530270576477051,-0.02968580089509487,0.4307014048099518,0.5823280215263367,-0.04421836510300636,0.425681471824646,0.5289924740791321,-0.05807368457317352,0.41466230154037476,0.49548742175102234,-0.06720319390296936,0.4317275285720825,0.4775742292404175,-0.01490571815520525,0.4387040138244629,0.4403298795223236,-0.057141583412885666,0.4210564196109772,0.5147956013679504,-0.0808643028140068,0.4090178608894348,0.574211061000824,-0.08873509615659714,0.3823511302471161,0.4677950143814087,-0.014436502009630203,0.3894229233264923,0.427101731300354,-0.06369775533676147,0.37689894437789917,0.5255733132362366,-0.07525621354579926,0.3731548488140106,0.5944743156433105,-0.0680253729224205,0.33468517661094666,0.4720388352870941,-0.020648915320634842,0.33749920129776,0.437600314617157,-0.06764025241136551,0.3367059528827667,0.5329775214195251,-0.06273134797811508,0.3410125970840454,0.5956892371177673,-0.04390707239508629,0.28973379731178284,0.49008631706237793,-0.029052073135972023,0.29233431816101074,0.4753730595111847,-0.062359489500522614,0.3024638891220093,0.5417580604553223,-0.05844390019774437,0.3153111934661865,0.5838648676872253,-0.04431420937180519
M,Right,0.3358018398284912,0.6797479391098022,-3.696922590279428e-07,0.3934575617313385,0.6552512645721436,-0.030248697847127914,0.42960065603256226,0.5859360098838806,-0.044633898884058,0.4269833564758301,0.531093418598175,-0.05812329798936844,0.41772180795669556,0.4950416386127472,-0.06675899773836136,0.43020200729370117,0.4776562452316284,-0.015422310680150986,0.43745607137680054,0.4391552209854126,-0.057266853749752045,0.4197583496570587,0.5132829546928406,-0.08056618273258209,0.4072495400905609,0.5722813606262207,-0.08821168541908264,0.3813304603099823,0.46736451983451843,-0.014494359493255615,0.3883376121520996,0.4272152781486511,-0.06335665285587311,0.37596654891967773,0.5260940790176392,-0.07460322231054306,0.37202009558677673,0.5941553711891174,-0.06723172962665558,0.3338913023471832,0.47118979692459106,-0.020238250494003296,0.33659374713897705,0.43712663650512695,-0.06709857285022736,0.33578962087631226,0.5325838923454285,-0.06196478009223938,0.3397887945175171,0.5945460200309753,-0.04307590797543526,0.28884702920913696,0.4887876510620117,-0.028196318075060844,0.29160594940185547,0.47489485144615173,-0.06184817850589752,0.3017180860042572,0.5415982007980347,-0.05800149589776993,0.31435105204582214,0.5832278728485107,-0.04380663484334946
M,Right,0.33652424812316895,0.677718997001648,-3.512270438932319e-07,0.3940962255001068,0.6510540246963501,-0.029461702331900597,0.42989519238471985,0.5832443237304688,-0.04428993538022041,0.42874541878700256,0.5308336019515991,-0.058681000024080276,0.4188784956932068,0.49659743905067444,-0.0683773085474968,0.4298105835914612,0.47607657313346863,-0.015090112574398518,0.43648552894592285,0.4375244975090027,-0.05730367451906204,0.41902753710746765,0.5118390321731567,-0.0811191275715828,0.40698274970054626,0.571152925491333,-0.08909573405981064,0.3805254399776459,0.46649065613746643,-0.014863579533994198,0.3878224790096283,0.4254675507545471,-0.06421343237161636,0.37565329670906067,0.5237213969230652,-0.0758742243051529,0.37156346440315247,0.5922889709472656,-0.06876417249441147,0.33281368017196655,0.4709125757217407,-0.021249111741781235,0.3356461226940155,0.43660733103752136,-0.06829464435577393,0.33518198132514954,0.531593918800354,-0.06331031769514084,0.33918488025665283,0.5939627885818481,-0.04442170262336731,0.2877945303916931,0.48895519971847534,-0.029816098511219025,0.29053062200546265,0.47392064332962036,-0.06301519274711609,0.3010326325893402,0.5398120880126953,-0.058896761387586594,0.31379830837249756,0.5815795660018921,-0.044616781175136566
M,Right,0.33452168107032776,0.6780503988265991,-3.476809808944381e-07,0.3917767107486725,0.6526582837104797,-0.031004078686237335,0.4271162450313568,0.583569347858429,-0.04627149924635887,0.42411166429519653,0.5296770930290222,-0.06063993275165558,0.4146828353404999,0.49478423595428467,-0.07005549967288971,0.4284725785255432,0.4761412739753723,-0.01684277132153511,0.4356268346309662,0.43775588274002075,-0.06018809229135513,0.4186710715293884,0.5126228332519531,-0.08428826183080673,0.40660107135772705,0.5723759531974792,-0.09218079596757889,0.37928467988967896,0.466308057308197,-0.01600869558751583,0.3866475522518158,0.42454397678375244,-0.06626525521278381,0.37479546666145325,0.5232768654823303,-0.07790875434875488,0.3711380064487457,0.5916256904602051,-0.07053609192371368,0.3316124975681305,0.47063952684402466,-0.021986275911331177,0.33442017436027527,0.4358406364917755,-0.06991380453109741,0.3342384397983551,0.5314415693283081,-0.06486529856920242,0.3387179970741272,0.5934057831764221,-0.04574820399284363,0.2862526476383209,0.4886239171028137,-0.03026593290269375,0.2893553674221039,0.47477051615715027,-0.06424382328987122,0.3005083501338959,0.5411121845245361,-0.06039216369390488,0.3140135109424591,0.5823471546173096,-0.04614203795790672
M,Right,0.3342638611793518,0.6781470775604248,-3.5366375072953815e-07,0.3919437527656555,0.6519764065742493,-0.030442776158452034,0.42734989523887634,0.582417368888855,-0.045340657234191895,0.4235367178916931,0.5290356278419495,-0.059467073529958725,0.41199585795402527,0.4951401352882385,-0.06867755204439163,0.427436888217926,0.47615277767181396,-0.01637316681444645,0.43452513217926025,0.4361250698566437,-0.059134092181921005,0.41721978783607483,0.5113619565963745,-0.0824652910232544,0.4051883816719055,0.5704964995384216,-0.08984558284282684,0.3781203329563141,0.46691814064979553,-0.015606915578246117,0.38478416204452515,0.4246421456336975,-0.06560226529836655,0.3730227053165436,0.5244548320770264,-0.07672538608312607,0.36962804198265076,0.5922645926475525,-0.06895947456359863,0.33057650923728943,0.47131264209747314,-0.021580204367637634,0.33309054374694824,0.43592947721481323,-0.06927521526813507,0.3328123688697815,0.5319049954414368,-0.06383733451366425,0.3371100127696991,0.5934273600578308,-0.044405192136764526,0.28545624017715454,0.4888645112514496,-0.029773341491818428,0.2880978584289551,0.4725586473941803,-0.06307411938905716,0.29865458607673645,0.5389506220817566,-0.05862600356340408,0.31154683232307434,0.5802909731864929,-0.04402324557304382
M,Right,0.33241698145866394,0.6782525181770325,-3.5710533552446577e-07,0.3904147148132324,0.6523510217666626,-0.03094867616891861,0.4253033399581909,0.582598865032196,-0.0460442416369915,0.4208778142929077,0.5283516645431519,-0.06028708815574646,0.4100479483604431,0.4933502674102783,-0.0695175901055336,0.42616045475006104,0.4761059284210205,-0.016816362738609314,0.43358442187309265,0.43639013171195984,-0.059882041066884995,0.41628769040107727,0.5115076899528503,-0.08349046111106873,0.40412020683288574,0.5711798667907715,-0.09099063277244568,0.37684696912765503,0.4667420983314514,-0.015814708545804024,0.3840000033378601,0.423888236284256,-0.06590957194566727,0.3719417452812195,0.523088812828064,-0.07711999863386154,0.36840733885765076,0.5913454294204712,-0.06940414756536484,0.3292870819568634,0.4709973931312561,-0.021625246852636337,0.332269549369812,0.4366278648376465,-0.0690116286277771,0.33167320489883423,0.5318043828010559,-0.0636042058467865,0.33581265807151794,0.5932592749595642,-0.044268980622291565,0.2841337025165558,0.4882987439632416,-0.029773157089948654,0.28747081756591797,0.4726496636867523,-0.0625927522778511,0.29781094193458557,0.5380780100822449,-0.0581868439912796,0.31053537130355835,0.5788593292236328,-0.04373887553811073
M,Right,0.3326385021209717,0.6766024231910706,-3.4825404782168334e-07,0.3900505006313324,0.6501528024673462,-0.03111080825328827,0.4255701005458832,0.581063985824585,-0.04672195389866829,0.42079463601112366,0.5272749662399292,-0.06144193559885025,0.4090040624141693,0.49244195222854614,-0.07122158259153366,0.4257122874259949,0.4755016565322876,-0.017826685681939125,0.43269649147987366,0.4360208809375763,-0.06132800504565239,0.4151112139225006,0.5108489990234375,-0.08526897430419922,0.40286457538604736,0.5705845355987549,-0.09306766092777252,0.3760698139667511,0.4663214683532715,-0.017019348219037056,0.38326212763786316,0.4242019057273865,-0.06761908531188965,0.37114450335502625,0.5235452651977539,-0.07907221466302872,0.36736661195755005,0.5917945504188538,-0.07155076414346695,0.32842326164245605,0.4704343378543854,-0.022981224581599236,0.33103540539741516,0.43622922897338867,-0.0708010122179985,0.3304532468318939,0.5314616560935974,-0.06533146649599075,0.3345258831977844,0.5926092267036438,-0.0460100919008255,0.2831381857395172,0.48746269941329956,-0.031272247433662415,0.28571274876594543,0.4728150963783264,-0.06451214849948883,0.2960270047187805,0.5386883020401001,-0.06007569655776024,0.3087714910507202,0.57916259765625,-0.045611422508955
M,Right,0.32970884442329407,0.6791810989379883,-3.6686316207124037e-07,0.38719138503074646,0.6556186676025391,-0.03209932520985603,0.4226251244544983,0.5863921046257019,-0.047503288835287094,0.4180079400539398,0.529901921749115,-0.061595458537340164,0.40749916434288025,0.49221691489219666,-0.07044263929128647,0.4243882894515991,0.4766330420970917,-0.01760922558605671,0.4319673180580139,0.43845659494400024,-0.06136687099933624,0.4147959053516388,0.5133401155471802,-0.08532821387052536,0.4022620916366577,0.5735248923301697,-0.09289895743131638,0.3748786449432373,0.46641063690185547,-0.016107724979519844,0.3817780315876007,0.42482614517211914,-0.06639213114976883,0.3699174225330353,0.5242986083030701,-0.07745285332202911,0.36659929156303406,0.5921607613563538,-0.06958932429552078,0.3271823227405548,0.4703464210033417,-0.021596388891339302,0.3300934135913849,0.43713682889938354,-0.06927300989627838,0.3293536603450775,0.5318530797958374,-0.06358069181442261,0.33344563841819763,0.5921493172645569,-0.044056911021471024,0.28173699975013733,0.4880337119102478,-0.02953418157994747,0.28565043210983276,0.4730112552642822,-0.06265031546354294,0.29577067494392395,0.5382958650588989,-0.058141086250543594,0.3080853223800659,0.5780887007713318,-0.043541524559259415
M,Right,0.3332025706768036,0.675317645072937,-3.3594747606002784e-07,0.3884611129760742,0.6495198607444763,-0.03346851468086243,0.42232298851013184,0.5835529565811157,-0.051260944455862045,0.4162764549255371,0.5309320092201233,-0.06759326159954071,0.40462151169776917,0.4971480369567871,-0.0787954181432724,0.4253152906894684,0.4741317629814148,-0.021667998284101486,0.43225932121276855,0.4390619397163391,-0.06616609543561935,0.4132760167121887,0.5149886012077332,-0.09055987000465393,0.40085047483444214,0.574508011341095,-0.09885405004024506,0.3752719461917877,0.463539719581604,-0.020300624892115593,0.38246190547943115,0.42494770884513855,-0.07193046808242798,0.3695797026157379,0.524775505065918,-0.08342770487070084,0.3666481077671051,0.5933544039726257,-0.07597041875123978,0.3273642659187317,0.46760281920433044,-0.02581351064145565,0.3299517333507538,0.4375455677509308,-0.0748051255941391,0.3290225863456726,0.5325232148170471,-0.06960062682628632,0.33413898944854736,0.5939221978187561,-0.05040798708796501,0.2823033630847931,0.48517459630966187,-0.03381582722067833,0.28449827432632446,0.4743926227092743,-0.06830053776502609,0.2946838140487671,0.5408151149749756,-0.06463193893432617,0.30840015411376953,0.5816594362258911,-0.05060539394617081
M,Right,0.32959306240081787,0.6770479679107666,-3.602779656830535e-07,0.386666864156723,0.6555880308151245,-0.03467559069395065,0.42154914140701294,0.5881673097610474,-0.05171212926506996,0.4155427813529968,0.5321022272109985,-0.06678684800863266,0.4057832360267639,0.4957354962825775,-0.07665514945983887,0.42311960458755493,0.4766923189163208,-0.02114792913198471,0.43149253726005554,0.4419184923171997,-0.06555163860321045,0.41303807497024536,0.5177887678146362,-0.08960406482219696,0.40054818987846375,0.5764586925506592,-0.09738554060459137,0.3742034435272217,0.46530428528785706,-0.01851811632514,0.3825841546058655,0.42579957842826843,-0.06977355480194092,0.36915186047554016,0.5256230235099792,-0.08085410296916962,0.365174263715744,0.593440592288971,-0.07282032072544098,0.3270277976989746,0.4689321219921112,-0.022955816239118576,0.33043569326400757,0.4369008541107178,-0.07168878614902496,0.328763484954834,0.5324820876121521,-0.06628987938165665,0.33270907402038574,0.5935611724853516,-0.046735361218452454,0.28201431035995483,0.4863584041595459,-0.029946036636829376,0.2849265933036804,0.473775178194046,-0.06427197903394699,0.29525041580200195,0.540034294128418,-0.06052480638027191,0.3081909716129303,0.5802991390228271,-0.04626366123557091
M,Right,0.33138445019721985,0.677638828754425,-3.4707704799075145e-07,0.38860052824020386,0.6529750227928162,-0.0330125167965889,0.4221540093421936,0.5832195281982422,-0.04932647570967674,0.4160820245742798,0.5271806716918945,-0.06408755481243134,0.40505725145339966,0.49069297313690186,-0.07373160868883133,0.4233490228652954,0.47609639167785645,-0.019205963239073753,0.43103379011154175,0.44159168004989624,-0.06291276216506958,0.4132094979286194,0.5175018310546875,-0.08667771518230438,0.40118908882141113,0.576328456401825,-0.09433902055025101,0.37371936440467834,0.46536198258399963,-0.01721186377108097,0.381172239780426,0.4269818067550659,-0.06758719682693481,0.3688855767250061,0.527137041091919,-0.07844414561986923,0.3656780421733856,0.5947064161300659,-0.07061181217432022,0.32622069120407104,0.4692791700363159,-0.022184547036886215,0.3293088376522064,0.437324196100235,-0.06990963965654373,0.328542023897171,0.533111035823822,-0.06417901813983917,0.33308032155036926,0.5942836999893188,-0.04479600116610527,0.28144150972366333,0.4869697093963623,-0.029649926349520683,0.28436458110809326,0.4738706350326538,-0.0629100650548935,0.2948516607284546,0.5397863984107971,-0.0587892010807991,0.30775606632232666,0.5799844861030579,-0.04461685195565224
M,Right,0.3295474648475647,0.6781525611877441,-3.593542885482748e-07,0.38713568449020386,0.6564149260520935,-0.03426799923181534,0.4216415584087372,0.5890467166900635,-0.05102171748876572,0.4161471426486969,0.5320935845375061,-0.06586869806051254,0.40704357624053955,0.4938928484916687,-0.07563012838363647,0.42271658778190613,0.4788532555103302,-0.021179523319005966,0.4313454031944275,0.4432118535041809,-0.06541270762681961,0.4130675196647644,0.5180014371871948,-0.08937389403581619,0.40039074420928955,0.5770281553268433,-0.09699790924787521,0.3737978935241699,0.4669707119464874,-0.018542442470788956,0.3822673559188843,0.42700690031051636,-0.0695284754037857,0.3685249984264374,0.526248574256897,-0.08056142926216125,0.36430227756500244,0.5950067639350891,-0.07255237549543381,0.3265922963619232,0.4698101282119751,-0.022899746894836426,0.3302195966243744,0.43784940242767334,-0.07142163813114166,0.32814472913742065,0.5331244468688965,-0.06609370559453964,0.3320060968399048,0.5952926874160767,-0.046607960015535355,0.28163716197013855,0.4864351153373718,-0.029782280325889587,0.28473371267318726,0.4737178385257721,-0.06412786990404129,0.2943722903728485,0.5400131940841675,-0.06050705537199974,0.3067169189453125,0.581310510635376,-0.04631546512246132
M,Right,0.330837607383728,0.6774225831031799,-3.476253596090828e-07,0.3879755735397339,0.6533904075622559,-0.03376803919672966,0.4219706058502197,0.5843222737312317,-0.05041714012622833,0.4162735044956207,0.526962399482727,-0.06531215459108353,0.4068804979324341,0.48774954676628113,-0.0750480368733406,0.4233367443084717,0.4773770570755005,-0.020221685990691185,0.43201470375061035,0.44311511516571045,-0.06472963094711304,0.41376906633377075,0.5182672739028931,-0.08888182044029236,0.401167631149292,0.5775843262672424,-0.09656332433223724,0.37374675273895264,0.4658004939556122,-0.017872190102934837,0.38217470049858093,0.4270598292350769,-0.06897211074829102,0.36906471848487854,0.5267836451530457,-0.07996874302625656,0.3653664290904999,0.5953736305236816,-0.07198242098093033,0.32620489597320557,0.46884435415267944,-0.022594336420297623,0.3297424018383026,0.43729960918426514,-0.07097583264112473,0.32827091217041016,0.5331032276153564,-0.06539525836706161,0.3326362073421478,0.5950256586074829,-0.0458720363676548,0.281272292137146,0.48574769496917725,-0.029846280813217163,0.28423240780830383,0.4738188683986664,-0.06375392526388168,0.29453641176223755,0.5399479866027832,-0.06001157686114311,0.3075163960456848,0.5804474353790283,-0.04588586091995239
M,Right,0.33157333731651306,0.6751582026481628,-3.489704454295861e-07,0.38875818252563477,0.6531139016151428,-0.03414778783917427,0.4234749972820282,0.5858509540557861,-0.05120144411921501,0.41636303067207336,0.5297175049781799,-0.06643074005842209,0.40778082609176636,0.4915144741535187,-0.07650657743215561,0.42482081055641174,0.47797924280166626,-0.020830990746617317,0.43423163890838623,0.4440602660179138,-0.06617530435323715,0.41677796840667725,0.5193505883216858,-0.09044152498245239,0.4046066701412201,0.5773383975028992,-0.09804748743772507,0.37565135955810547,0.46555736660957336,-0.01863936521112919,0.38567620515823364,0.42602604627609253,-0.07093571126461029,0.3718802332878113,0.526343047618866,-0.0820876881480217,0.36760368943214417,0.5939067602157593,-0.07365330308675766,0.32831326127052307,0.4676359295845032,-0.023557912558317184,0.33230626583099365,0.4369350075721741,-0.0735367015004158,0.33007967472076416,0.5342922210693359,-0.0678730383515358,0.334123432636261,0.5955787301063538,-0.04765358194708824,0.28295350074768066,0.4833261966705322,-0.030899452045559883,0.2861051559448242,0.4727630615234375,-0.0657343789935112,0.2958727777004242,0.5408806800842285,-0.06166757643222809,0.308829665184021,0.5812575221061707,-0.046948663890361786
M,Right,0.33242836594581604,0.6759762763977051,-3.530379615312995e-07,0.3905973434448242,0.6547827124595642,-0.03436810150742531,0.4248773157596588,0.5864523649215698,-0.05144467577338219,0.4178885519504547,0.5292720794677734,-0.06652329117059708,0.4075048565864563,0.4889953136444092,-0.0766637772321701,0.4282894730567932,0.4787996709346771,-0.021070320159196854,0.43829044699668884,0.44604259729385376,-0.06565495580434799,0.420544296503067,0.5202771425247192,-0.09013743698596954,0.4065682590007782,0.5777327418327332,-0.09821604937314987,0.3795106112957001,0.4648280441761017,-0.018512096256017685,0.3895418643951416,0.42928624153137207,-0.06930015236139297,0.3759399950504303,0.5291049480438232,-0.08041077107191086,0.3702406585216522,0.5953864455223083,-0.07268810272216797,0.3319154381752014,0.46603843569755554,-0.022961625829339027,0.3364919424057007,0.43513843417167664,-0.07141996175050735,0.33383849263191223,0.532363772392273,-0.06544963270425797,0.33580315113067627,0.593237578868866,-0.045835934579372406,0.2860952913761139,0.4816405773162842,-0.02988426201045513,0.2902773916721344,0.47183144092559814,-0.06445731222629547,0.299638032913208,0.5403294563293457,-0.060316041111946106,0.31080225110054016,0.5803878903388977,-0.04582160711288452
M,Right,0.33566814661026,0.6768804788589478,-3.555994112502958e-07,0.3939405679702759,0.6586734056472778,-0.03406707942485809,0.43056684732437134,0.5898621082305908,-0.050198670476675034,0.422461599111557,0.5281640887260437,-0.06405366957187653,0.40579551458358765,0.48205652832984924,-0.07259456813335419,0.4337586760520935,0.4779725670814514,-0.020615652203559875,0.4435831904411316,0.4460391700267792,-0.06437193602323532,0.4264715015888214,0.5203569531440735,-0.08776848018169403,0.4127368927001953,0.5756702423095703,-0.0952725037932396,0.38431280851364136,0.46262097358703613,-0.017992740496993065,0.39342886209487915,0.43356454372406006,-0.06672683358192444,0.38190463185310364,0.5336338877677917,-0.07628019154071808,0.37769949436187744,0.5954025983810425,-0.06841731071472168,0.3358147144317627,0.4631537199020386,-0.022452179342508316,0.34164556860923767,0.43805643916130066,-0.06961964070796967,0.340337872505188,0.5354411005973816,-0.06257232278585434,0.34264275431632996,0.5930982828140259,-0.043177489191293716,0.2894074618816376,0.4782243072986603,-0.029430650174617767,0.29526370763778687,0.4745217561721802,-0.06331996619701385,0.3051591217517853,0.5434519052505493,-0.0590536966919899,0.3161522448062897,0.5808687806129456,-0.044903263449668884
M,Right,0.34304168820381165,0.6760125160217285,-3.5022310385102173e-07,0.4022814631462097,0.6564992666244507,-0.03111983649432659,0.44031792879104614,0.5822376608848572,-0.0456475205719471,0.427543580532074,0.5211973786354065,-0.058417562395334244,0.40650472044944763,0.48008739948272705,-0.06614856421947479,0.4421168565750122,0.47081458568573,-0.01696844771504402,0.45067694783210754,0.4461597204208374,-0.05883035063743591,0.43663766980171204,0.5221152901649475,-0.08193260431289673,0.42534351348876953,0.5753993391990662,-0.08968430757522583,0.39176636934280396,0.45777609944343567,-0.01571767032146454,0.40012553334236145,0.4374951124191284,-0.061308376491069794,0.3935989439487457,0.5367386937141418,-0.0700041651725769,0.39121946692466736,0.5958485007286072,-0.06280088424682617,0.3426440954208374,0.46068716049194336,-0.021345429122447968,0.34970077872276306,0.4445021152496338,-0.06584776192903519,0.35217589139938354,0.5434694290161133,-0.05817946046590805,0.35435837507247925,0.6002211570739746,-0.03951435163617134,0.29622048139572144,0.476960688829422,-0.02940559573471546,0.30616816878318787,0.4770110249519348,-0.06020908057689667,0.31725388765335083,0.54729825258255,-0.05434844270348549,0.32643336057662964,0.5839180946350098,-0.040075212717056274
M,Right,0.3546535074710846,0.6789237260818481,-3.6387748991728586e-07,0.41178098320961,0.6580104827880859,-0.02961626462638378,0.44927677512168884,0.5863967537879944,-0.04391936585307121,0.4421592950820923,0.5275859832763672,-0.056780144572257996,0.4260672330856323,0.4870375990867615,-0.06500137597322464,0.4517006278038025,0.4730646312236786,-0.016863970085978508,0.4627882242202759,0.4522441029548645,-0.057269252836704254,0.44944214820861816,0.5252799987792969,-0.08057663589715958,0.4366738498210907,0.5799939632415771,-0.08856043219566345,0.40282362699508667,0.45851364731788635,-0.015526986680924892,0.4141696095466614,0.4443267583847046,-0.058376770466566086,0.4077468812465668,0.5404186844825745,-0.06697496026754379,0.4027191996574402,0.6010407209396362,-0.06071839481592178,0.354270339012146,0.4608912169933319,-0.020692219957709312,0.36359328031539917,0.4513484835624695,-0.062433868646621704,0.36595824360847473,0.5464831590652466,-0.055498264729976654,0.36634376645088196,0.6049897074699402,-0.038013167679309845,0.3079524636268616,0.47695258259773254,-0.028217017650604248,0.31985634565353394,0.476040780544281,-0.056605927646160126,0.3295832574367523,0.5432430505752563,-0.05044528841972351,0.33603593707084656,0.582482635974884,-0.03643736615777016
M,Right,0.3659866154193878,0.6807003021240234,-3.867536122470483e-07,0.42353343963623047,0.6618176102638245,-0.028264202177524567,0.4603556990623474,0.5919029116630554,-0.041876208037137985,0.4570373296737671,0.5353050827980042,-0.05434561148285866,0.44658684730529785,0.4938531219959259,-0.062229838222265244,0.4668608009815216,0.473981112241745,-0.015635723248124123,0.4771437644958496,0.45473650097846985,-0.055215008556842804,0.46382272243499756,0.527510941028595,-0.07802394777536392,0.4510478973388672,0.5799066424369812,-0.08590298146009445,0.4178265929222107,0.45886123180389404,-0.014839336276054382,0.4269348978996277,0.44854432344436646,-0.056705690920352936,0.4206596910953522,0.5463627576828003,-0.06448284536600113,0.41549694538116455,0.6053162813186646,-0.058105193078517914,0.3684629797935486,0.46100914478302,-0.020492220297455788,0.377692312002182,0.4520643353462219,-0.06148023530840874,0.38093456625938416,0.5480348467826843,-0.053735263645648956,0.3811923563480377,0.6060453653335571,-0.03619220107793808,0.32119056582450867,0.47739866375923157,-0.02842247672379017,0.3329463303089142,0.47667357325553894,-0.05693808197975159,0.3439338803291321,0.5450921058654785,-0.050491273403167725,0.35058677196502686,0.5853177309036255,-0.036315709352493286
M,Right,0.37345993518829346,0.6801654696464539,-4.081660733845638e-07,0.4333482086658478,0.6621530652046204,-0.027805179357528687,0.47192567586898804,0.5905778408050537,-0.04011673852801323,0.47168710827827454,0.5298382639884949,-0.05130111053586006,0.4621260166168213,0.48523616790771484,-0.05782044678926468,0.47736746072769165,0.4791775047779083,-0.014574400149285793,0.4941115081310272,0.4560009241104126,-0.053429439663887024,0.47854048013687134,0.5288903713226318,-0.07523781061172485,0.46298402547836304,0.5832796692848206,-0.08214586973190308,0.43077337741851807,0.46198636293411255,-0.012858042493462563,0.4442096948623657,0.44928038120269775,-0.05349830910563469,0.43455958366394043,0.5474385619163513,-0.06027970463037491,0.4264601767063141,0.6066612601280212,-0.05330511927604675,0.3825995922088623,0.46146345138549805,-0.017575398087501526,0.3954426944255829,0.44821593165397644,-0.05732298269867897,0.39450740814208984,0.5439725518226624,-0.048674751073122025,0.39099451899528503,0.6024706959724426,-0.03055553324520588,0.33510854840278625,0.4748750329017639,-0.024538522586226463,0.34829476475715637,0.47057807445526123,-0.052203841507434845,0.35767894983291626,0.5374863147735596,-0.04549425467848778,0.3620787560939789,0.5771755576133728,-0.031146429479122162
M,Right,0.37891411781311035,0.6778338551521301,-3.8965464455031906e-07,0.4379636347293854,0.6626406908035278,-0.029124189168214798,0.47877562046051025,0.5981123447418213,-0.043460432440042496,0.4850131869316101,0.5406942367553711,-0.05681634321808815,0.48079296946525574,0.4985616207122803,-0.0656493753194809,0.48806384205818176,0.4817739427089691,-0.01744513027369976,0.5074054002761841,0.46121618151664734,-0.05895179882645607,0.48971855640411377,0.533899188041687,-0.08315291255712509,0.4719258248806,0.591171383857727,-0.09127732366323471,0.4423651397228241,0.46200644969940186,-0.016048843041062355,0.4611465036869049,0.4467410445213318,-0.05911774933338165,0.4467597007751465,0.5421369671821594,-0.06783776730298996,0.43468227982521057,0.6046050786972046,-0.06162788346409798,0.39451101422309875,0.4602644443511963,-0.02115313895046711,0.40939387679100037,0.4458404779434204,-0.06260406225919724,0.4050852656364441,0.5388295650482178,-0.055897872895002365,0.3997596800327301,0.599125325679779,-0.03842182084918022,0.34671080112457275,0.4728585481643677,-0.02861775830388069,0.36005887389183044,0.4677264094352722,-0.05748748406767845,0.36816611886024475,0.5327627658843994,-0.0519302636384964,0.3721919357776642,0.574344277381897,-0.038018252700567245
M,Right,0.385315865278244,0.6724646091461182,-3.621449593538273e-07,0.4426500201225281,0.6588426232337952,-0.02703080140054226,0.4867737591266632,0.596619725227356,-0.04032226651906967,0.49728143215179443,0.5418967008590698,-0.05332333594560623,0.4957009553909302,0.5017449259757996,-0.06178218126296997,0.49497735500335693,0.48239535093307495,-0.015008054673671722,0.5180136561393738,0.4576842784881592,-0.05518925189971924,0.4981098175048828,0.5289579033851624,-0.07788782566785812,0.4786437153816223,0.5850667953491211,-0.08504503220319748,0.45057734847068787,0.4619874060153961,-0.014636380597949028,0.472845196723938,0.44203898310661316,-0.05761188641190529,0.45536208152770996,0.5373345017433167,-0.06583607196807861,0.4414362609386444,0.6004133820533752,-0.058630943298339844,0.4034810960292816,0.4584885239601135,-0.02057669684290886,0.4208068251609802,0.44275322556495667,-0.06167701631784439,0.4140271842479706,0.5363637208938599,-0.05459674447774887,0.40752917528152466,0.5966557860374451,-0.03645520284771919,0.35602810978889465,0.46904247999191284,-0.028746124356985092,0.37053704261779785,0.4655948579311371,-0.056984830647706985,0.37762370705604553,0.530831515789032,-0.05122290551662445,0.38162922859191895,0.5721731185913086,-0.03706044703722
M,Right,0.3913695514202118,0.6730859875679016,-3.616100059389282e-07,0.449059396982193,0.6583560705184937,-0.027401776984333992,0.49389106035232544,0.5955826044082642,-0.04059821739792824,0.5058659911155701,0.5398252010345459,-0.05337054282426834,0.507037878036499,0.4982788860797882,-0.061398789286613464,0.5028802752494812,0.48362526297569275,-0.015513879247009754,0.5259436964988708,0.46134692430496216,-0.05693117529153824,0.5032762885093689,0.5320749282836914,-0.08035392314195633,0.482452392578125,0.5883271098136902,-0.08769096434116364,0.4584367573261261,0.46200984716415405,-0.015385892242193222,0.4802771806716919,0.4410926103591919,-0.059507932513952255,0.46156179904937744,0.534192681312561,-0.06790115684270859,0.44802919030189514,0.5980637669563293,-0.06038554757833481,0.41087204217910767,0.4569486379623413,-0.021755678579211235,0.42828288674354553,0.4422619938850403,-0.06388311088085175,0.41992372274398804,0.5361104011535645,-0.0567222498357296,0.41327717900276184,0.5974222421646118,-0.03805425763130188,0.3630622327327728,0.46572011709213257,-0.030455978587269783,0.37823551893234253,0.46399736404418945,-0.05935608223080635,0.3842145502567291,0.5295103788375854,-0.053689561784267426,0.38793477416038513,0.5709782242774963,-0.03928694501519203
M,Right,0.39513036608695984,0.6706042885780334,-2.944003085758595e-07,0.4514074921607971,0.655701756477356,-0.0244244784116745,0.5014966726303101,0.5959563255310059,-0.038064926862716675,0.5288655161857605,0.5583046078681946,-0.05258560553193092,0.5411732196807861,0.5457659959793091,-0.06310595571994781,0.5060737729072571,0.48471760749816895,-0.01468327920883894,0.5307534337043762,0.45824623107910156,-0.055103905498981476,0.5097068548202515,0.5296286344528198,-0.0776323601603508,0.49049630761146545,0.5863839983940125,-0.08476009964942932,0.46234044432640076,0.46419820189476013,-0.016547221690416336,0.48573482036590576,0.439281165599823,-0.0599038228392601,0.4671608805656433,0.5330240726470947,-0.06739582866430283,0.4534716308116913,0.5968009829521179,-0.059627752751111984,0.4145996570587158,0.4593426287174225,-0.024535181000828743,0.4338676631450653,0.4408681392669678,-0.06488654017448425,0.42487460374832153,0.5351776480674744,-0.05665387585759163,0.4173695743083954,0.5960919260978699,-0.03770587593317032,0.36686718463897705,0.4672092795372009,-0.03476123511791229,0.38299864530563354,0.4623837471008301,-0.06071275845170021,0.3884158730506897,0.5284854769706726,-0.053393762558698654,0.39178210496902466,0.5705116391181946,-0.03865247592329979
M,Right,0.39403456449508667,0.664668619632721,-2.9000631229791907e-07,0.4509781301021576,0.6504727005958557,-0.022711047902703285,0.5004316568374634,0.5966176390647888,-0.0368652381002903,0.529730498790741,0.5659579038619995,-0.05195813626050949,0.5456321835517883,0.5580657720565796,-0.0632486343383789,0.5088829398155212,0.48422032594680786,-0.01705555059015751,0.5350341200828552,0.4557059407234192,-0.05584442615509033,0.5125160813331604,0.5288127064704895,-0.07679134607315063,0.491945743560791,0.5841899514198303,-0.08361175656318665,0.4646894633769989,0.46196019649505615,-0.019785404205322266,0.49008628726005554,0.4341762363910675,-0.06320291757583618,0.47053006291389465,0.5310420989990234,-0.0706334337592125,0.4553524851799011,0.5966155529022217,-0.0628713071346283,0.4169562757015228,0.4559769332408905,-0.027786973863840103,0.4366861581802368,0.4374336898326874,-0.06821644306182861,0.42711758613586426,0.533645749092102,-0.06028991937637329,0.4187295734882355,0.5946444869041443,-0.041613977402448654,0.36890482902526855,0.4634931683540344,-0.037624333053827286,0.38668686151504517,0.4616854190826416,-0.06471985578536987,0.3916550874710083,0.5306815505027771,-0.05796177685260773,0.3947437107563019,0.5737106800079346,-0.04355023056268692
M,Right,0.39422300457954407,0.6640318036079407,-3.0506461712320743e-07,0.453495591878891,0.6502691507339478,-0.022979574277997017,0.5000759959220886,0.5925372838973999,-0.035917218774557114,0.5211256742477417,0.553392231464386,-0.04963034763932228,0.5325584411621094,0.5335562825202942,-0.059299714863300323,0.5094417929649353,0.48279061913490295,-0.015201564878225327,0.5365253686904907,0.4538537263870239,-0.05352555960416794,0.5136637687683105,0.5258297324180603,-0.07473793625831604,0.4929823875427246,0.5811382532119751,-0.08164168149232864,0.4661742150783539,0.46032026410102844,-0.01749705709517002,0.4920315444469452,0.43434369564056396,-0.05990965664386749,0.4721112847328186,0.529668927192688,-0.06793837994337082,0.45690852403640747,0.5943293571472168,-0.060784921050071716,0.4189615845680237,0.45410674810409546,-0.025222692638635635,0.4389951229095459,0.43438291549682617,-0.0653626024723053,0.4289190173149109,0.5307867527008057,-0.05817210674285889,0.42043909430503845,0.5923948287963867,-0.04014873132109642,0.3710402250289917,0.4620838761329651,-0.034792210906744,0.3898388147354126,0.4607176184654236,-0.06283091753721237,0.39447271823883057,0.5299018025398254,-0.0568220391869545,0.3970693349838257,0.5739918947219849,-0.04271802678704262
M,Right,0.3949527144432068,0.6679353713989258,-3.1768644248586497e-07,0.45390409231185913,0.6560907363891602,-0.02339371107518673,0.5046744346618652,0.6002479791641235,-0.03695102035999298,0.5338225364685059,0.5662021040916443,-0.05157632753252983,0.5448010563850403,0.5551701784133911,-0.062194619327783585,0.5132073163986206,0.48454058170318604,-0.015438002534210682,0.538314163684845,0.45502734184265137,-0.055414266884326935,0.5135321021080017,0.5296340584754944,-0.07748030871152878,0.49262988567352295,0.5856754779815674,-0.08465705066919327,0.4688819646835327,0.4624256193637848,-0.018156567588448524,0.49197423458099365,0.43417981266975403,-0.062476616352796555,0.47128474712371826,0.5292637348175049,-0.07072252780199051,0.4572823643684387,0.5936910510063171,-0.06334315240383148,0.4203830659389496,0.4552161693572998,-0.02658063918352127,0.43948352336883545,0.4347075819969177,-0.06758803874254227,0.42866119742393494,0.5309062004089355,-0.05996328219771385,0.42073941230773926,0.5925068259239197,-0.04138622432947159,0.3722383677959442,0.4614364504814148,-0.037087246775627136,0.389963835477829,0.4594019055366516,-0.06437037885189056,0.393104612827301,0.5283104181289673,-0.05790507420897484,0.3957101106643677,0.5714226961135864,-0.04367176815867424
M,Right,0.39218124747276306,0.665854811668396,-3.169832325511379e-07,0.45206984877586365,0.6515955924987793,-0.024419961497187614,0.4975236654281616,0.5919981002807617,-0.038026612251996994,0.5112321972846985,0.5446503162384033,-0.05215810239315033,0.5192617774009705,0.5163425803184509,-0.0618852823972702,0.509510338306427,0.4807242155075073,-0.014521373435854912,0.534903347492218,0.45273053646087646,-0.05440763011574745,0.5124039053916931,0.5246463418006897,-0.0772649273276329,0.49226436018943787,0.581216037273407,-0.08511204272508621,0.46567755937576294,0.457811176776886,-0.01660912297666073,0.49236083030700684,0.43350791931152344,-0.06071151793003082,0.47224482893943787,0.5290364623069763,-0.07035016268491745,0.4568924307823181,0.5940649509429932,-0.0639699399471283,0.4183579087257385,0.45154860615730286,-0.02447325363755226,0.4391922950744629,0.4324083626270294,-0.06624943017959595,0.42969900369644165,0.5289179086685181,-0.05993140488862991,0.4216032922267914,0.590615451335907,-0.04227765277028084,0.3698543906211853,0.460086852312088,-0.03431984409689903,0.38873711228370667,0.460672527551651,-0.06398962438106537,0.39397531747817993,0.530394434928894,-0.058793094009160995,0.3969994783401489,0.5745127201080322,-0.04496598616242409
M,Right,0.3967709541320801,0.66825270652771,-3.188682455856906e-07,0.45621562004089355,0.6531649231910706,-0.025469152256846428,0.5055519342422485,0.5958842039108276,-0.04024605080485344,0.5291421413421631,0.5559186935424805,-0.05574622005224228,0.5388683080673218,0.5348988771438599,-0.0670246034860611,0.5128235816955566,0.48361068964004517,-0.017663108184933662,0.5357887148857117,0.45604950189590454,-0.06074769049882889,0.510883092880249,0.5290626287460327,-0.08511471003293991,0.4902566373348236,0.586493194103241,-0.09315984696149826,0.4678923785686493,0.46120932698249817,-0.01989402063190937,0.49029502272605896,0.43408235907554626,-0.06718667596578598,0.47002875804901123,0.5280876159667969,-0.07699661701917648,0.45656898617744446,0.5942943692207336,-0.0700167641043663,0.41951918601989746,0.45375850796699524,-0.028205811977386475,0.43780869245529175,0.4347679913043976,-0.07144127786159515,0.42729809880256653,0.530288577079773,-0.06412240862846375,0.41993248462677,0.5930273532867432,-0.04516548663377762,0.3714182376861572,0.45953384041786194,-0.03881600499153137,0.38770270347595215,0.4571096897125244,-0.0672319084405899,0.39065438508987427,0.5253604054450989,-0.060655463486909866,0.39304739236831665,0.5692698955535889,-0.04589229077100754
M,Right,0.3930046260356903,0.6638312339782715,-2.9725259764745715e-07,0.45186153054237366,0.6505120992660522,-0.02309528924524784,0.5000963807106018,0.594402551651001,-0.036586958914995193,0.5246340036392212,0.5594850778579712,-0.050913263112306595,0.5385330319404602,0.5461331009864807,-0.06123913824558258,0.5086517333984375,0.4825865924358368,-0.016262385994195938,0.5369067192077637,0.45310458540916443,-0.05458800122141838,0.513736367225647,0.5243957042694092,-0.07552319020032883,0.4930400848388672,0.5794392824172974,-0.08248142153024673,0.46506941318511963,0.4598742723464966,-0.018918581306934357,0.4911437928676605,0.43337902426719666,-0.06188659742474556,0.4709811806678772,0.5291588306427002,-0.06975505501031876,0.4560684561729431,0.5944952368736267,-0.06240079924464226,0.41776326298713684,0.45381060242652893,-0.026948707178235054,0.43756768107414246,0.43527165055274963,-0.06741483509540558,0.42762213945388794,0.5312132239341736,-0.06005828082561493,0.41950494050979614,0.5924333333969116,-0.04183448106050491,0.37000516057014465,0.46194925904273987,-0.03685138747096062,0.38815274834632874,0.46103501319885254,-0.06473075598478317,0.3929063081741333,0.530394971370697,-0.05840841308236122,0.39605680108070374,0.5745543241500854,-0.04414922744035721
M,Right,0.39445292949676514,0.6714566946029663,-3.192924680206488e-07,0.4543169438838959,0.654857337474823,-0.024447761476039886,0.5003558993339539,0.5929546356201172,-0.0372052937746048,0.5193837881088257,0.5484878420829773,-0.05038132518529892,0.5256094336509705,0.5223789215087891,-0.05902557447552681,0.5105573534965515,0.4827110171318054,-0.01505457516759634,0.5371186137199402,0.45300501585006714,-0.05455820634961128,0.5131482481956482,0.5265892744064331,-0.0764261856675148,0.49268415570259094,0.5823559761047363,-0.08349748700857162,0.46689173579216003,0.4600095748901367,-0.01667024940252304,0.4905695617198944,0.4348931908607483,-0.060688797384500504,0.4700469672679901,0.5309402942657471,-0.06949760019779205,0.4564034044742584,0.5959829092025757,-0.06237740069627762,0.4189697802066803,0.453058660030365,-0.024114638566970825,0.4367663860321045,0.4368129074573517,-0.06518766283988953,0.427053302526474,0.532487690448761,-0.05861460417509079,0.42055824398994446,0.5934799313545227,-0.04071071371436119,0.3705850839614868,0.46026983857154846,-0.033624716103076935,0.38781172037124634,0.4625653624534607,-0.06137074902653694,0.3924461901187897,0.530415952205658,-0.055762019008398056,0.3965338170528412,0.5727078318595886,-0.04197198897600174
M,Right,0.3952786326408386,0.6719202399253845,-3.2662686066942115e-07,0.4548245668411255,0.6550233960151672,-0.02366371639072895,0.504162073135376,0.5982745885848999,-0.038142815232276917,0.5326032638549805,0.5640279054641724,-0.05373607575893402,0.5462021827697754,0.5526219010353088,-0.06510821729898453,0.5117236375808716,0.483273446559906,-0.0165427103638649,0.537714958190918,0.4552193284034729,-0.05756663531064987,0.512653648853302,0.5307475924491882,-0.08038993924856186,0.4921533763408661,0.5881773829460144,-0.08791141211986542,0.46695712208747864,0.46147504448890686,-0.019352583214640617,0.49032309651374817,0.4357652962207794,-0.06462406367063522,0.4695722460746765,0.5308970212936401,-0.07300727069377899,0.4564460515975952,0.5966984629631042,-0.06567122042179108,0.4183606505393982,0.45487940311431885,-0.027957186102867126,0.43831437826156616,0.43796610832214355,-0.06943739205598831,0.42758387327194214,0.5337199568748474,-0.06161991134285927,0.41995200514793396,0.5965792536735535,-0.04278619587421417,0.3702172636985779,0.4616420865058899,-0.038739874958992004,0.3877786099910736,0.4596651494503021,-0.06584720313549042,0.3908092677593231,0.5276610851287842,-0.059012915939092636,0.39338263869285583,0.5714181065559387,-0.044442497193813324
M,Right,0.3931269347667694,0.668156087398529,-3.1985274517865037e-07,0.45357200503349304,0.6508114337921143,-0.02464284747838974,0.4988553524017334,0.5925847291946411,-0.03889680281281471,0.5159138441085815,0.5488892793655396,-0.05365639552474022,0.5248074531555176,0.522862434387207,-0.06400098651647568,0.5082874894142151,0.48301640152931213,-0.017571670934557915,0.5351966619491577,0.453673392534256,-0.05742942541837692,0.5116215944290161,0.5275200605392456,-0.07956349104642868,0.49133846163749695,0.5836280584335327,-0.08700453490018845,0.46435025334358215,0.4606057405471802,-0.019638780504465103,0.4909942150115967,0.43541213870048523,-0.06398417055606842,0.4708518385887146,0.5316077470779419,-0.07276202738285065,0.45611950755119324,0.5969650745391846,-0.06588814407587051,0.4169442057609558,0.4547632932662964,-0.027317093685269356,0.4373622536659241,0.4367372393608093,-0.06899969279766083,0.42816388607025146,0.5327793955802917,-0.06212370842695236,0.42052969336509705,0.5947507619857788,-0.04410563409328461,0.36875760555267334,0.46312543749809265,-0.03699154406785965,0.38710081577301025,0.4624507427215576,-0.06605479121208191,0.3924506902694702,0.5314432382583618,-0.060409750789403915,0.3956286311149597,0.5762064456939697,-0.04638785868883133
M,Right,0.3946693539619446,0.6718853116035461,-3.3237085972359637e-07,0.4547286331653595,0.6565166711807251,-0.024885019287467003,0.5044984817504883,0.5995036959648132,-0.03911906108260155,0.5289428234100342,0.5586562752723694,-0.054028984159231186,0.5391860008239746,0.5352142453193665,-0.06457768380641937,0.5114120841026306,0.48508480191230774,-0.01654580608010292,0.5360682010650635,0.4569230377674103,-0.058766476809978485,0.5115913152694702,0.5309306383132935,-0.08257865905761719,0.4910135567188263,0.5888310074806213,-0.09027743339538574,0.4666568636894226,0.4628715217113495,-0.018783438950777054,0.49003246426582336,0.4358803629875183,-0.06488591432571411,0.46976006031036377,0.53026282787323,-0.07419813424348831,0.4564325213432312,0.596483588218689,-0.06706231832504272,0.418234258890152,0.45566442608833313,-0.02703792415559292,0.43740513920783997,0.4372209906578064,-0.06938699632883072,0.4265776574611664,0.5329335927963257,-0.0617869533598423,0.4190880060195923,0.595782458782196,-0.04280268773436546,0.3699595630168915,0.4620113968849182,-0.03754938766360283,0.38711294531822205,0.4595184922218323,-0.06574379652738571,0.3901611566543579,0.5281776189804077,-0.05902756005525589,0.3926977515220642,0.5723018050193787,-0.04411742836236954
M,Right,0.3916250169277191,0.6668605208396912,-2.996040677771816e-07,0.4512411653995514,0.6515616178512573,-0.023481430485844612,0.49895113706588745,0.5933597683906555,-0.03717048838734627,0.5235284566879272,0.5582006573677063,-0.051784317940473557,0.539742648601532,0.5469080805778503,-0.06219341978430748,0.5067939758300781,0.48166441917419434,-0.01577308587729931,0.5347046256065369,0.45273274183273315,-0.05466185137629509,0.5117068290710449,0.5267301797866821,-0.07607880234718323,0.4914633333683014,0.5830122232437134,-0.08324504643678665,0.4631020426750183,0.45908087491989136,-0.01816939003765583,0.48915183544158936,0.4345475137233734,-0.061716094613075256,0.46922263503074646,0.5317413210868835,-0.06985136866569519,0.4546770751476288,0.5972037315368652,-0.06253939867019653,0.4158485233783722,0.45355433225631714,-0.02612140029668808,0.435884028673172,0.4366353750228882,-0.06671840697526932,0.42634838819503784,0.5327378511428833,-0.05953654274344444,0.4184667468070984,0.5935793519020081,-0.04135876148939133,0.36810413002967834,0.4620153307914734,-0.03606235608458519,0.38633498549461365,0.4626403748989105,-0.06345359236001968,0.3910073935985565,0.5315841436386108,-0.05732647329568863,0.39395371079444885,0.5750601291656494,-0.043279845267534256
M,Right,0.3908795416355133,0.6706615686416626,-3.2141909400706936e-07,0.45163318514823914,0.653889536857605,-0.02428296208381653,0.49704423546791077,0.5921292901039124,-0.03705369308590889,0.5154404640197754,0.5479812622070312,-0.05020324885845184,0.5228291153907776,0.5218427777290344,-0.0587703138589859,0.5071603059768677,0.48230689764022827,-0.015791036188602448,0.5349592566490173,0.4523460865020752,-0.055031824856996536,0.5110489130020142,0.5259290933609009,-0.07664721459150314,0.4904192090034485,0.5812127590179443,-0.08360318094491959,0.46323180198669434,0.4595709443092346,-0.017347300425171852,0.4876905381679535,0.43440210819244385,-0.06108992174267769,0.4676458537578583,0.530613124370575,-0.06963299959897995,0.45420894026756287,0.59555584192276,-0.062474850565195084,0.4154435396194458,0.45279064774513245,-0.024600040167570114,0.4342292845249176,0.4370661973953247,-0.06545539200305939,0.424757719039917,0.5325453281402588,-0.05866276100277901,0.4179287552833557,0.5932925939559937,-0.04071474075317383,0.3671191930770874,0.45973390340805054,-0.03387951850891113,0.3852755129337311,0.46147745847702026,-0.061617009341716766,0.39004257321357727,0.5296669006347656,-0.05576012283563614,0.39383038878440857,0.5725680589675903,-0.04178277775645256
M,Right,0.390213280916214,0.6703109741210938,-3.454138948200125e-07,0.4512878954410553,0.654172420501709,-0.025599827989935875,0.496197372674942,0.5928946137428284,-0.039404865354299545,0.5120179057121277,0.5441416501998901,-0.05347372964024544,0.5177609920501709,0.5148008465766907,-0.06270352751016617,0.5070560574531555,0.480755090713501,-0.016688914969563484,0.5330600738525391,0.4512321949005127,-0.0575455017387867,0.5078133344650269,0.5253310203552246,-0.08011781424283981,0.48653432726860046,0.5822666883468628,-0.08731794357299805,0.4625651240348816,0.4589371681213379,-0.01795816421508789,0.4856036305427551,0.43469011783599854,-0.06295616179704666,0.4653444290161133,0.5292099118232727,-0.07153003662824631,0.4522826373577118,0.5943778157234192,-0.0641898661851883,0.4142989218235016,0.45205622911453247,-0.025294415652751923,0.43300098180770874,0.4370705783367157,-0.06715469062328339,0.42291906476020813,0.5314839482307434,-0.060054074972867966,0.41592442989349365,0.5931168794631958,-0.04170307144522667,0.36594176292419434,0.45863956212997437,-0.03487710282206535,0.383537620306015,0.46064868569374084,-0.06326182186603546,0.3870998024940491,0.5279698371887207,-0.05761260911822319,0.39001595973968506,0.5706431865692139,-0.04360136389732361
